"Country","Alcoholic Beverages","Animal Products","Animal fats","Aquatic Products, Other","Cereals - Excluding Beer","Eggs","Fish, Seafood","Fruits - Excluding Wine","Meat","Miscellaneous","Milk - Excluding Butter","Offals","Oilcrops","Pulses","Spices","Starchy Roots","Stimulants","Sugar Crops","Sugar & Sweeteners","Treenuts","Vegetal Products","Vegetable Oils","Vegetables","Obesity","Undernourished","Confirmed","Deaths","Recovered","Active","Population","Unit (all except Population)"
"Afghanistan",0,21.6397,6.2224,0,8.0353,0.6859,0.0327,0.4246,6.1244,0.0163,8.2803,0.3103,1.0452,0.196,0.2776,0.049,0.098,0,0,0.7513,28.3684,17.0831,0.3593,4.5,"29.8",0.0293701698123127,0.000575679512118185,0.00288365490773356,0.025910835392461,38042000,"%"
"Albania",0,32.0002,3.4172,0,2.6734,1.6448,0.1445,0.6418,8.7428,0.017,17.7576,0.2933,3.1622,0.1148,0,0.051,0.527,0,0,0.9181,17.9998,9.2443,0.6503,22.3,"6.2",0.0351294611616515,0.00111966410076977,0.027816655003499,0.00619314205738279,2858000,"%"
"Algeria",0,14.4175,0.8972,0,4.2035,1.2171,0.2008,0.5772,3.8961,0.0439,8.0934,0.1067,1.1983,0.2698,0.1568,0.1129,0.2886,0,0,0.8595,35.5857,27.3606,0.5145,26.6,"3.9",0.0195894576786619,0.00140303183891628,0.010936276090863,0.00725014974888264,43406000,"%"
"Angola",0,15.3041,1.313,0,6.5545,0.1539,1.4155,0.3488,11.0268,0.0308,1.2309,0.1539,3.9902,0.3282,0.0103,0.7078,0.1128,0,0,0.0308,34.701,22.4638,0.1231,6.8,"25",0.000222738409647755,1.27279091227289e-05,5.72755910522799e-05,0.000152734909472746,31427000,"%"
"Antigua and Barbuda",0,27.7033,4.6686,0,3.2153,0.3872,1.5263,1.2177,14.3202,0.0898,6.6607,0.1347,1.3579,0.0673,0.3591,0.0449,1.0549,0,0,0.202,22.2995,14.4436,0.2469,19.1,NA,0.0257731958762887,0.00309278350515464,0.0195876288659794,0.00309278350515464,97000,"%"
"Argentina",0,30.3572,3.3076,0,1.3316,1.5706,0.1664,0.2091,19.2693,0,5.8512,0.1878,0.064,0.0213,0.0213,0.111,0.2475,0,0,0.1366,19.6449,17.3147,0.1878,28.5,"4.6",0.0281003137586506,0.00103918645274706,0.00889872938872694,0.0181623979171766,44939000,"%"
"Armenia",0,29.6642,6.2619,0,2.5068,1.6196,0.2218,0.5468,10.8165,0.0361,10.4709,0.2734,0.6602,0.0774,0.0103,0.0567,1.8002,0,0,0.9542,20.3384,12.8127,0.8717,20.9,"4.3",0.240141796083727,0.00293720459149224,0.106178257933828,0.131026333558406,2962000,"%"
"Australia",0,24.1099,4.603,0,0.9908,0.7017,0.4515,0.4028,11.6002,0.052,6.5196,0.2339,1.2929,0.026,0.1007,0.0422,0.7926,0,0,1.6145,25.8901,20.3612,0.2144,30.4,"<2.5",0.0281604426002766,0.00040308239478364,0.0258921161825726,0.00186524402292037,25305000,"%"
"Austria",0,27.8268,12.8517,0,1.2297,1.2147,0.4259,0.2249,8.1099,0,5.1497,0.075,1.1367,0.012,0.102,0.045,0.4439,0,0,0.8398,22.1762,17.9323,0.2039,21.9,"<2.5",0.186312943562014,0.00722090796440239,0.170530584656979,0.0085614509406331,8877000,"%"
"Azerbaijan",0,32.1198,7.7987,0,5.4481,2.0197,0.2122,0.594,11.9993,0.017,9.9202,0.1612,0.1867,0.0255,0.017,0.1697,1.3663,0,0,2.2573,17.8802,7.1538,0.6534,19.9,"<2.5",0.0426119924174399,0.000508829691709069,0.0273471016661678,0.014756061059563,10023000,"%"
"Bahamas",0,30.2259,4.56,0,3.6327,1.2829,1.4991,0.8995,17.4941,0.3556,5.1318,0.258,2.6077,0.0209,0.2719,0.0349,0.9343,0,0,0.4532,19.7741,10.1659,0.3974,32.1,NA,0.025706940874036,0.00282776349614396,0.0118251928020566,0.0110539845758355,389000,"%"
"Bangladesh",0,9.8365,1.2369,0,6.9946,1.2664,2.1646,0.427,1.8407,0.0147,3.2249,0.1178,0.6332,0.5448,1.0602,0.2209,0.0295,0.0147,0,0.2651,40.1561,29.6422,0.3092,3.4,"14.7",0.021742318243751,0.000306109356192757,0.00448104993676184,0.0169551589507964,163667000,"%"
"Barbados",0,25.8451,3.9733,0,2.1187,1.213,1.806,0.4636,13.1382,0.3235,5.6176,0.097,3.2616,0.2318,0.3181,0.1078,0.6038,0,0,0.7817,24.1576,15.6882,0.2534,24.8,"3.9",0.0320557491289199,0.0024390243902439,0.0247386759581882,0.0048780487804878,287000,"%"
"Belarus",0,23.8181,7.8662,0,4.8075,1.5772,0.5151,0.2316,11.5636,0.0519,2.0644,0.2316,0.4392,0,0.016,0.1957,0.8385,0,0,1.0462,26.1859,18.2119,0.3394,26.6,"<2.5",0.392352381958382,0.00215485370233442,0.152624907573677,0.23757262068237,9467000,"%"
"Belgium",0,26.7378,12.6234,0,1.3531,1.1703,0.6188,0.2373,5.6817,0,6.5057,0.1379,0.5226,0.0353,0.0994,0.077,0.0834,0,0,1.2056,23.2622,19.3504,0.2982,24.5,"<2.5",0.500453831384186,0.08127072787572,0.133504974690173,0.285678128818293,11458000,"%"
"Belize",0,23.7877,9.8102,0,3.051,0.6759,0.4155,0.3039,10.3435,0.1984,2.5053,0.031,1.4511,0.3783,0.0496,0.031,0.8062,0,0,0.3845,26.2123,19.3538,0.2108,22.4,"7.5",0.00441176470588235,0.000490196078431373,0.00392156862745098,0,408000,"%"
"Benin",0,6.1742,0.4816,0,4.6952,0.2064,0.8599,0.1978,3.2849,0.0258,1.2469,0.0946,7.3007,0.6535,2.597,1.0835,0.1118,0,0,1.9176,43.8301,24.8775,0.3612,8.2,"10.1",0.00161850690619439,2.54215744428438e-05,0.000711804084399627,0.000881281247351919,11801000,"%"
"Bolivia",0,30.4177,4.1685,0,2.7296,1.5174,0.1831,0.5407,21.1476,0.0436,3.2703,0.1395,1.3604,0.2093,0.1483,0.4796,0.7849,0,0,0.7413,19.5779,12.3485,0.1919,18.7,"17.1",0.0580645161290323,0.00227550130775937,0.005640802092415,0.0501482127288579,11470000,"%"
"Bosnia and Herzegovina",0,24.6478,2.4453,0,3.6588,0.8354,0.3049,0.5976,9.6957,0.0915,11.2629,0.1037,0.9208,0.2012,2.2196,0.1342,2.4819,0,0,0.9574,25.3552,13.2996,0.7866,19.4,"<2.5",0.0688806183796164,0.00417978814772402,0.0485542513598626,0.0161465788720298,3493000,"%"
"Botswana",0,16.9634,4.131,0,7.183,0.2697,0.3622,0.1696,3.4759,0.1927,8.5241,0.2081,1.1715,0.1156,0.5472,0.1927,0.7399,0,0,0.1541,33.0328,22.3815,0.185,16.1,"26.4",0.00153307052124398,4.38020148926851e-05,0.000832238282961016,0.000657030223390276,2283000,"%"
"Brazil",0,24.8515,4.3627,0,1.1278,0.7706,0.1886,0.2528,14.292,0,5.1654,0.0763,1.7097,0.2528,0.008,0.1204,0.1164,0.0361,0.012,0.1766,25.1445,21.2153,0.1204,22.3,"<2.5",0.179092541990713,0.011213287982726,0.0734875699845222,0.0943916840234651,209332000,"%"
"Bulgaria",0,27.1456,8.0274,0,1.8485,1.2201,0.3404,0.2723,9.3523,0.0262,7.9698,0.2356,1.6547,0.0471,0.6179,0.0367,0.1885,0,0,0.3404,22.8518,17.5787,0.2461,27.4,"3.6",0.0348817204301075,0.00186379928315412,0.0123584229390681,0.0206594982078853,6975000,"%"
"Burkina Faso",0,7.2367,0.5981,0,10.5524,0.4061,0.3692,0.0443,3.5741,0.0148,2.1636,0.1255,11.9406,0.5391,0.096,0.0369,0.0222,0,0,0.2658,42.7706,19.1774,0.0665,4.5,"20",0.00409428669848925,0.000255892918655578,0.0033069238718567,0.00053146990797697,20321000,"%"
"Cabo Verde",0,21.9578,4.2923,0,5.1318,0.8468,0.5256,0.1898,9.9204,0.1679,6.2851,0.0803,1.4819,0.4526,0.9709,0.0949,0.4161,0,0,0.1752,28.0385,18.6656,0.3066,10.6,"12.6",0.0709090909090909,0.000545454545454545,0.0281818181818182,0.0421818181818182,550000,"%"
"Cambodia",0,18.851,0.8839,0,9.4179,0.5639,4.8461,0.2438,11.7799,0.1372,0.6248,0.1372,8.2902,0.2743,0.5029,0.3657,0.061,0.0762,0,0.3048,31.149,11.2313,0.2591,3.5,"16.4",0.000752107721234913,0,0.000739976951537575,1.21307696973373e-05,16487000,"%"
"Cameroon",0,6.3264,0.7838,0,6.9796,0.0746,0.9051,0.7931,3.3685,0.028,1.1197,0.084,9.7509,0.8491,0.7465,0.5319,0.1213,0,0,0.1026,43.6689,23.2155,0.5505,9.5,"9.9",0.0188978203740918,0.000637656515690215,0.00720745091977122,0.0110527129386304,25876000,"%"
"Canada",0,23.1663,9.7895,0,1.544,1.2437,0.4244,0.4244,7.8211,0.062,3.8812,0.0065,2.36,0.1991,0.0979,0.0588,0.1795,0,0,1.211,26.8353,20.4733,0.222,31.3,"<2.5",0.232857562879213,0.0177879346751129,0.119346216555743,0.0957234116483575,37413000,"%"
"Central African Republic",0,18.5453,2.8767,0,2.7645,0.1122,0.5509,0.4998,12.9144,0.0102,1.7342,0.3468,7.0183,0.4794,0.0102,1.0609,0.0408,0,0,0,31.4598,19.4838,0.0918,6.3,"59.6",0.013740779768177,2.10748155953635e-05,0.000463645943097998,0.0132560590094837,4745000,"%"
"Chad",0,16.8564,3.1261,0,7.986,0.0701,0.648,0.0701,7.8546,0.0088,4.4308,0.7268,16.7863,0.5342,0,0.1926,0.0263,0,0,0,33.1436,7.5131,0.0263,4.8,"37.5",0.00420183486238532,0.00037308868501529,0.00149235474006116,0.00233639143730887,16350000,"%"
"Chile",0,32.5206,5.2608,0,3.1847,1.4085,0.5204,0.4186,20.2172,0.0339,5.0798,0.0396,1.1596,0.2093,0.0283,0.181,0.4356,0,0,0.7241,17.4737,10.844,0.2602,28.8,"2.7",0.387276914219919,0.00398283351651227,0.153357408279688,0.229936672423719,19107000,"%"
"China",0,31.0465,3.4468,0.0097,2.5989,2.3066,0.9817,0.2344,21.6062,0.1517,2.2156,0.4784,1.8351,0.0234,0.0676,0.0565,0.9362,0,0.0179,1.7979,18.9535,10.659,0.5763,6.6,"8.5",0.00601575073496277,0.000331752537499195,0.00567598692445799,8.01127300558643e-06,1398030000,"%"
"Colombia",0,21.4008,1.7819,0,1.7347,1.7819,0.3717,1.2273,11.3996,0.0177,5.9535,0.118,0.9854,0.1652,0.1239,0.2832,0.2655,0,0,0.5251,28.5992,23.0824,0.1829,22.1,"4.8",0.0436356056695915,0.00148886330249732,0.0104518203835312,0.0316949219835629,50374000,"%"
"Congo",0,12.9993,0.339,0,2.7016,0.1377,1.854,0.837,9.6514,0.053,0.678,0.339,5.0429,0.1483,0.0106,1.0806,0.5191,0,0,0.0212,36.9954,26.0091,0.5827,8.4,"40.3",0.05173759524252,0.0015424642259803,0.00899461066716224,0.0412005203493774,5381000,"%"
"Costa Rica",0,20.5571,6.1,0,1.6733,1.1492,0.9286,0.57,5.6449,0.0138,6.67,0.0552,1.0389,0.2436,0.0414,0.0506,0.4045,0,0.0138,0.354,29.4475,24.8736,0.1701,25.7,"4.8",0.0187944664031621,0.000197628458498024,0.0124110671936759,0.00618577075098814,5060000,"%"
"Cote d'Ivoire",0,5.3253,0.2726,0,4.9709,0.4271,1.2268,0.5271,2.5809,0.0091,0.5634,0.2545,4.8891,0.1,0.6089,1.2359,1.9357,0,0,2.3355,44.6747,27.7354,0.3272,9,"19",0.00949674688406365,0.000117582503723446,0.00492670690601239,0.00445245747432782,25514000,"%"
"Croatia",0,29.3768,7.4457,0,2.9565,0.9476,0.5633,0.2577,11.4896,0,8.7951,0.131,1.8123,0.0175,0.0655,0.0393,2.6726,0,0,0.6987,20.6254,11.7123,0.393,27.1,"<2.5",0.0553390875462392,0.00246609124537608,0.0501849568434032,0.00268803945745993,4055000,"%"
"Cuba",0,25.9025,3.2213,0,4.4779,1.4788,0.2638,0.6179,16.0233,0.0139,4.7695,0.1458,2.6937,0.6248,0.0417,0.3749,0.1458,0,0,0.0069,24.0975,14.5446,0.5554,26.7,"<2.5",0.0173653228683553,0.000731359257937924,0.0151980021405637,0.00143596146985373,11212000,"%"
"Cyprus",0,20.9578,1.8698,0,3.4616,1.0044,0.7309,0.3632,10.5506,0.1614,6.6945,0.1031,2.1164,0.0628,0.0538,0.0404,1.9236,0,0,0.8609,29.0467,19.7381,0.2601,22.6,"5.6",0.07496,0.00136,0.04752,0.02608,1250000,"%"
"Czechia",0,25.1685,9.7011,0,1.1998,0.8222,0.3,0.187,8.6212,0.0212,5.6463,0.0776,0.4941,0.0353,0.0635,0.0565,0.9563,0,0,0.4164,24.8333,21.2267,0.1729,28.5,"<2.5",0.0843673851921275,0.002970946579194,0.0579381443298969,0.0234582942830366,10670000,"%"
"Denmark",0,35.4131,14.2498,0,1.4741,1.7484,1.1313,0.5257,9.2408,0,8.8142,0.2285,0.7161,0.0152,0.1752,0.0533,1.6874,0,0,1.1846,14.585,8.4752,0.2819,21.3,"<2.5",0.199106375665922,0.00967520192472933,0.174634816978862,0.0147963567623303,5819000,"%"
"Djibouti",0,11.1065,1.3966,0,4.3977,0.2494,0.291,0.1247,5.121,0.1413,3.8573,0.1912,0.4323,0.557,0.3159,0.0333,0.5653,0,0,0.4157,38.8977,31.449,0.4572,12.2,"18.9",0.253388090349076,0.00143737166324435,0.110780287474333,0.141170431211499,974000,"%"
"Dominica",0,26.925,3.8063,0,1.4913,0.3619,1.6536,1.1856,13.7339,0.1123,7.232,0.1373,4.8172,0.1373,0.468,0.4867,1.7846,0,0,0.0312,23.0812,12.3237,0.2309,28.2,"6.2",0.0222222222222222,0,0.0222222222222222,0,72000,"%"
"Dominican Republic",0,15.2779,2.2261,0,1.4528,1.1248,0.2484,3.6133,7.3718,0.0422,4.1194,0.1875,2.9103,0.1921,0.0609,0.0797,0.2906,0,0,0.0703,34.7221,25.8881,0.1218,26.9,"9.5",0.144932692307692,0.00442307692307692,0.0796634615384615,0.0608461538461538,10400000,"%"
"Ecuador",0,20.9283,4.7198,0,3.6672,1.0246,0.2519,0.4367,8.7453,0.028,6.0803,0.1008,0.8566,0.0616,0.0392,0.084,0.1848,0,0,0.0784,29.0745,23.5541,0.084,19.3,"7.9",0.216324994208941,0.0185487607134584,0.104256428075052,0.0935198054204309,17268000,"%"
"Egypt",0,15.9979,3.4231,0,13.4988,0.8448,1.32,0.7216,6.4678,0.0088,3.6343,0.2992,4.4615,0.1584,0.2376,0.1936,0.0792,0.0704,0,0.2992,34.0109,13.6132,0.66,31.1,"4.5",0.0181367600742954,0.0007903981264637,0.00494629734313171,0.0124000646047,99064000,"%"
"El Salvador",0,23.3032,6.3901,0,8.1958,1.6034,0.4514,1.4321,6.6547,0.1012,8.1491,0.0545,5.0669,0.5837,0.0311,0.1401,0.3269,0,0,0.1167,26.6968,10.2506,0.4514,22.7,"9",0.0307251317012705,0.000542299349240781,0.0119615742175395,0.0182212581344902,6454000,"%"
"Estonia",0,33.219,6.5339,0,2.8982,1.583,0.2818,0.3805,10.4279,0.0188,14.275,0.1174,0.3664,0.0658,0.1926,0.0892,2.7855,0,0,1.2495,16.7833,8.4457,0.2865,23.8,"2.9",0.137349397590361,0.00489457831325301,0.115813253012048,0.0166415662650602,1328000,"%"
"Eswatini",0,20.8055,3.1415,0,12.0023,0.4718,0.3682,0.4718,11.1162,0.1151,5.4315,0.2762,3.4062,0.2071,0.817,0.3222,0.0575,0,0,0.6559,29.1945,10.9436,0.1956,13.5,"20.6",0.0233576642335766,0.000182481751824818,0.0144160583941606,0.00875912408759124,1096000,"%"
"Ethiopia",0,11.1691,1.4358,0,11.3929,0.2238,0.0559,0.4102,4.1768,0,5.1091,0.1678,2.6851,2.5545,2.6851,0.8018,0.0186,0,0,0.7459,38.8216,17.4156,0.1305,3.6,"20.6",0.000584409211359844,4.46113901801408e-06,0.000141864220772848,0.000438083851568983,112079000,"%"
"Fiji",0,20.0472,7.6883,0,1.5114,0.5773,1.4694,0.084,8.423,0.0262,1.7948,0.0945,8.9635,0.2991,0.1312,0.3569,0.4408,0,0,0.1469,29.9554,17.8168,0.1732,30,"3.7",0.00201793721973094,0,0.00168161434977578,0.000336322869955157,892000,"%"
"Finland",0,36.725,6.3787,0,1.7872,0.8524,0.9384,0.2901,16.6649,0.1146,11.8155,0.0788,0.6017,0.0179,0.043,0.0537,0.7844,0,0,0.5157,13.2732,8.8607,0.2041,24.9,"<2.5",0.119525448288354,0.00557869951095816,0.0923745698243072,0.0215721789530882,5521000,"%"
"France",0,30.2594,9.1996,0,1.4334,0.9894,0.8752,0.3869,11.0864,0.0159,7.9533,0.1554,0.685,0.0254,0.0285,0.0412,0.6279,0,0,0.853,19.7406,15.4658,0.1776,23.2,"<2.5",0.282362649227257,0.0438967208563408,0.100744979486072,0.137720948884844,64834000,"%"
"French Polynesia",0,25.1596,4.6648,0,3.7271,0.822,1.5842,0.1995,14.0782,0.2913,3.8827,0.1277,4.7566,0.0399,0.02,0.0758,1.269,0,0,0.3192,24.8404,14.0024,0.1397,NA,"4.2",NA,NA,NA,NA,279000,"%"
"Gabon",0,19.2656,0.7379,0,4.1074,0.1956,2.0359,0.6401,13.4068,0.1422,2.2937,0.5957,8.9438,0.0089,0,0.5779,0.7112,0,0,0.0178,30.7344,15.3805,0.2045,13.4,"10.5",0.0981158088235294,0.000643382352941176,0.0258272058823529,0.0716452205882353,2176000,"%"
"Gambia",0,6.0418,0.2548,0,4.9416,0.2113,1.3488,0.0373,1.3488,0.0622,2.8468,0.0311,12.4751,0.0311,0,0.0124,0.0995,0,0,0.2362,43.9582,25.9883,0.0746,8.7,"10.2",0.00106473594548552,4.25894378194208e-05,0.000724020442930153,0.000298126064735945,2348000,"%"
"Georgia",0,25.2749,7.2612,0,4.5695,1.1781,0.4284,0.2071,7.2326,0.1071,9.0818,0.1,0.6854,0,0.0714,0.0928,2.7774,0,0,1.1566,24.718,14.8579,0.1999,23.3,"7.9",0.0182887165374031,0.000300225168876657,0.0131598699024268,0.00482862146609957,3997000,"%"
"Germany",0,28.1419,11.0084,0,1.1778,1.0462,0.7019,0.2632,8.9127,0,6.4289,0.0472,0.8909,0.0101,0.0844,0.0607,0.6614,0,0,1.6739,21.8581,16.8163,0.216,25.7,"<2.5",0.217328519855596,0.00999879663056558,0.193981949458484,0.0133477737665463,83100000,"%"
"Ghana",0,7.6875,0.806,0,5.6789,0.3472,2.7774,1.2151,3.1618,0.0496,0.4216,0.1736,10.9113,0.3968,1.2771,2.0087,0,0,0,0.0868,42.3063,20.4464,0.248,9.7,"5.5",0.0224827449555827,0.000105676827053268,0.00683596975000826,0.0155410983785212,30281000,"%"
"Greece",0,17.9063,1.6989,0,1.328,0.7749,0.3245,0.2484,6.6267,0.0298,8.3355,0.1424,1.8413,0.0795,0.0497,0.0431,0.7749,0,0,1.881,32.097,25.5332,0.2848,27.4,"<2.5",0.0269320624240725,0.00160732641809177,0.0128399215026633,0.0124848145033174,10701000,"%"
"Grenada",0,23.0842,2.4889,0,1.4883,1.444,1.2856,2.8436,12.9576,0.1267,4.8195,0.0823,3.3186,0.19,0.8803,0.0697,0.874,0,0,0.1393,26.9158,16.8841,0.1077,20.2,NA,0.0205357142857143,0,0.0160714285714286,0.00446428571428571,112000,"%"
"Guatemala",0,15.4397,1.7622,0,9.3956,2.6186,0.1482,1.2516,7.0735,0.0247,3.7385,0.0988,3.7879,0.5764,0.1235,0.0247,0.3788,0,0,0.9305,34.5603,17.8113,0.2553,18.8,"15.2",0.0213867243046471,0.000335589556908026,0.00155850065411524,0.0194926340936238,17581000,"%"
"Guinea",0,6.0747,0.7557,0,4.7086,0.3125,0.5014,0.3415,2.8993,0.0363,1.4896,0.1163,6.6633,0.1744,0,0.3343,0.2616,0,0,0.0073,43.9253,30.6133,0.7848,6.6,"16.5",0.0268047143558684,0.000163692912096906,0.0136929120969062,0.0129481093468653,12218000,"%"
"Guinea-Bissau",0,10.8323,0.6274,0,2.8828,0.1509,0.0715,0.2938,8.0527,0.0556,1.8027,0.1271,1.7154,0.0794,0,0.1985,0.2224,0,0,3.3116,39.1677,30.3288,0.0794,8.2,"28",0.0626929217668973,0.000372538584353379,0.00223523150612028,0.0600851516764236,1879000,"%"
"Guyana",0,22.7418,1.002,0,2.9072,0.334,1.169,1.503,12.555,0.0911,7.6287,0.0531,9.3518,0.3871,0.8653,0.129,0.9261,0,0,0.8805,27.2582,9.0633,1.1538,19.2,"8.1",0.0174968071519796,0.00140485312899106,0.00791826309067688,0.00817369093231162,783000,"%"
"Haiti",0,12.1462,1.7481,0,5.7517,0.1353,0.3722,1.6804,7.8944,0.0564,1.8608,0.1353,3.3157,0.8458,0,0.5526,0.3609,0,0.0226,0,37.8482,25.1494,0.1241,20.5,"49.3",0.00850572671579508,0.000239722986770843,0.000195329841072538,0.0080706738879517,11263000,"%"
"Honduras",0,16.7113,2.6611,0,8.3159,0.7448,0.1302,0.376,7.8603,0.0651,5.2281,0.0868,0.5857,0.4194,0.0289,0.0217,0.3833,0,0,0.1012,33.2924,22.8722,0.1157,19.4,"12.9",0.0429817360968602,0.00186743279294069,0.00485327313769752,0.036261030166222,9746000,"%"
"Hungary",0,28.9972,12.3082,0,1.2735,1.2018,0.1954,0.127,10.0576,0,5.2308,0.0033,0.3583,0.0391,0.1107,0.0391,0.7393,0,0,0.0456,21.0012,18.0699,0.2019,28.6,"<2.5",0.0384442169907881,0.00502558853633572,0.0175127942681679,0.0159058341862845,9770000,"%"
"Iceland",0,34.4402,7.1086,0,4.3005,0.8991,1.6872,0.4975,13.6029,0.1199,11.0046,0.1349,0.8931,0.012,0.1079,0.03,1.5254,0,0,0.5005,15.5628,7.4053,0.1678,23.1,"<2.5",0.499722991689751,0.00277008310249307,0.49612188365651,0.000831024930747922,361000,"%"
"India",0,16.0538,7.4859,0,5.1196,0.7653,0.3783,0.4046,0.9061,0,6.4919,0.0264,3.7386,1.1084,0.8005,0.0792,0.0176,0,0,0.5014,33.9462,21.7804,0.3958,3.8,"14.5",0.0104139350592901,0.00029973740646677,0.00436142353714567,0.00575277411567766,1391885000,"%"
"Indonesia",0,9.1722,0.7049,0,6.6871,1.4549,2.5122,0.7139,3.6237,0,0.7049,0.1627,7.3649,0.0452,0.3886,0.3072,0.497,0,0.0633,0.3976,40.8368,24.0918,0.2711,6.9,"8.3",0.00847555500914615,0.00051821964913065,0.00210193764226825,0.00585539771774725,268419000,"%"
"Iran (Islamic Republic of)",0,16.9273,6.0372,0,5.5867,1.3259,0.6114,0.6243,6.1724,0,2.6389,0.1416,0.4055,0.2961,0.2124,0.1738,0.0451,0,0,4.9044,33.0759,20.2935,0.5278,25.5,"4.9",0.164131043605725,0.00887964629190452,0.128365768492808,0.0268856288210127,83911000,"%"
"Iraq",0,11.1327,3.8118,0,6.2761,1.9023,0.1441,0.2306,3.5164,0.0432,1.7366,0.0288,0.9584,0.1369,0.0576,0.0288,0.7278,0,0,0.6341,38.8673,29.6152,0.1513,27.4,"29",0.0117832612566777,0.000414652760111931,0.0071508522004579,0.00421775629610786,39310000,"%"
"Ireland",0,27.1689,8.6472,0,2.7091,0.9231,0.9372,0.2829,10.0477,0.0283,6.5464,0.0707,0.863,0.0389,0.0707,0.0531,1.5137,0,0,0.8417,22.8329,16.1839,0.2405,26.9,"<2.5",0.500060741040697,0.0325167037861915,0.426402105689411,0.0411419315650941,4939000,"%"
"Israel",0,15.8138,1.2809,0,1.6083,0.87,0.5746,1.6051,8.1541,0.0257,4.8443,0.0867,3.0787,0.1605,0.061,0.0353,0.8315,0,0,1.3194,34.1862,25.1782,0.2857,26.7,"<2.5",0.19643150604531,0.00329850921469656,0.167942246742575,0.0251907500880385,8519000,"%"
"Italy",0,21.8727,5.3931,0,1.3598,1.0529,0.7327,0.2541,8.7134,0.0198,5.9146,0.0627,0.4753,0.0858,0.0099,0.0297,0.1056,0,0,1.4324,28.1306,24.127,0.2277,22.9,"<2.5",0.381403595989726,0.0544817300521999,0.235282127765349,0.0916397381721766,60345000,"%"
"Jamaica",0,23.0867,6.1721,0.0064,2.2375,0.3242,1.2204,0.4322,9.5156,0.1081,5.7081,0.1462,3.4389,0.089,1.4302,0.2161,0.3496,0,0,0.1398,26.9133,18.1732,0.2924,24.4,"8",0.0197794379224475,0.00032017075773746,0.00846673781572394,0.0109925293489861,2811000,"%"
"Japan",0,19.4516,1.9098,0.0057,1.8642,3.1241,3.2666,0.1881,7.8331,0.0285,3.2096,0.1026,2.9816,0.0342,0.1425,0.0513,0.8266,0.0057,0,0.6499,30.5456,23.4308,0.3478,4.4,"<2.5",0.0131407513076557,0.000657790458075765,0.0107877635124425,0.00169519733713742,126180000,"%"
"Jordan",0,12.2622,1.8696,0,3.7391,0.5224,0.3189,0.198,5.8122,0.0385,3.6512,0.088,2.5074,0.2584,0.1155,0.055,0.5994,0,0,0.9018,37.7378,29.0553,0.2694,33.4,"12.2",0.00681099722195613,8.62151547083054e-05,0.0045885621228087,0.00213621994443912,10439000,"%"
"Kazakhstan",0,23.4158,3.0343,0,1.7405,0.8975,0.1321,0.1787,9.674,0.0389,9.5031,0.1748,0.6488,0.0078,0.0272,0.1088,0.9946,0,0,0.7654,26.5822,21.7258,0.3497,21.3,"<2.5",0.0484575071586796,0.000189097195958723,0.0243935382786752,0.0238748716840456,18509000,"%"
"Kenya",0,17.7332,1.8742,0,9.9701,0.3438,0.2773,1.0757,6.5654,0,8.4951,0.1885,1.6746,0.8429,0.0555,0.2551,0.0665,0,0,0.5989,32.2724,17.5003,0.2107,6,"29.4",0.00244607600715182,9.89082055769011e-05,0.000764636512344505,0.00158253128923042,52574000,"%"
"Kiribati",0,10.5699,0.7467,0,1.956,0.265,3.0833,0.3517,6.1955,0.0434,0.2553,0.0193,28.5639,0,0.0145,0.2409,0.0193,0,0,0.8094,39.4325,7.2939,0.1397,45.6,"2.7",NA,NA,NA,NA,123000,"%"
"Korea, North",0,11.4709,0.0262,0,7.2234,1.6911,0.5375,0.6424,8.7179,0.0131,0.4195,0.0918,0.9832,0.6555,0,0.3146,0.0393,0,0,0.0262,38.516,27.5957,1.0357,7.1,"47.8",NA,NA,NA,NA,25666000,"%"
"Korea, South",0.0976,20.0483,4.2523,0.0511,1.8403,1.3524,1.9147,0.1766,11.186,0,1.1386,0.1534,1.8914,0.0186,0.0372,0.0325,0.237,0,0,1.2036,29.9563,23.7197,0.6924,4.9,"<2.5",0.0216506577170852,0.000518844269567566,0.019818308066196,0.00131350538132161,51846000,"%"
"Kuwait",0,19.8923,2.1588,0,3.0847,2.3242,0.3732,0.3496,9.5706,0.1086,5.2766,0.189,1.3416,0.1984,0.5385,0.0472,1.5353,0,0,1.181,30.1101,21.215,0.5055,37,"2.8",0.522153553601141,0.00392203470406465,0.157380556215831,0.360850962681246,4207000,"%"
"Kyrgyzstan",0,29.1225,3.4472,0,4.0964,0.8655,0.0895,0.2388,10.1776,0.0448,14.2068,0.3358,0.0895,0.194,0.097,0.1865,2.1564,0,0,1.5893,20.8849,11.461,0.7163,15.4,"7.1",0.0221929688709927,0.000247793092767539,0.0153631717515874,0.00658200402663776,6457000,"%"
"Lao People's Democratic Republic",0,21.6306,3.9594,0,9.0989,0.4974,1.6871,0.8777,15.0283,0.0878,0.2243,0.2243,5.6076,0.1365,1.0435,0.3121,0.078,0.1853,0,0.0683,28.3792,9.762,1.1118,4.5,"16.5",0.000266292922214436,0,0.000196215837421163,7.00770847932726e-05,7135000,"%"
"Latvia",0,30.439,10.443,0,1.5314,1.343,0.8819,0.2526,9.7976,0.0361,7.8613,0.1122,0.6334,0,0.0321,0.1323,2.0044,0,0,0.8819,19.563,13.7943,0.2606,25.7,"<2.5",0.0548353371667538,0.00115002613695766,0.0372190277051751,0.016466283324621,1913000,"%"
"Lebanon",0,12.4024,2.1637,0,2.253,0.329,0.3681,0.58,5.1361,0.039,4.3553,0.0502,2.8385,0.2175,0.0836,0.1171,0.725,0,0,2.911,37.5976,27.4593,0.3736,31.3,"11",0.0163214702450408,0.000379229871645274,0.0100350058343057,0.00590723453908985,6856000,"%"
"Lesotho",0,12.96,0.529,0,18.3763,0.2415,0.253,0.1495,9.1881,0.046,2.4149,0.345,0.782,0.4025,0.391,0.184,0.1495,0,0,0.0345,37.0285,16.3523,0.1725,13.5,"13.1",9.41176470588235e-05,0,0,9.41176470588235e-05,2125000,"%"
"Liberia",0,7.4228,0.4154,0,3.3592,0.2528,0.3702,0.1445,6.0051,0.0361,0.2438,0.1355,1.5803,0.0361,0,0.307,0.1174,0,0,0.3883,42.5772,36.4186,0.1896,8.6,"37.2",0.00536763216528256,0.000526635608669232,0.00285598541624468,0.00198501114036864,4937000,"%"
"Lithuania",0,32.3048,9.388,0,1.7819,1.9226,1.238,0.3283,14.2134,0.0094,5.4302,0.1125,0.8441,0.2345,0.197,0.061,0.3423,0,0,0.9238,17.6975,12.7128,0.2579,28.4,"<2.5",0.0586652314316469,0.00226049515608181,0.040832436311446,0.0155722999641191,2787000,"%"
"Luxembourg",0,32.4517,6.4786,0,1.8437,1.6645,0.6987,0.3256,16.3118,0.0658,7.2286,0.0658,0.6402,0.0146,0.1646,0.0329,3.3838,0,0,0.128,17.5519,10.6855,0.2634,24.2,"<2.5",0.644032258064516,0.017741935483871,0.609838709677419,0.0164516129032258,620000,"%"
"Madagascar",0,19.0932,1.7454,0,10.0681,0.3406,0.745,1.2984,11.5581,0.0213,4.4274,0.298,1.5113,0.3193,0.2554,0.9153,0.1916,0.0213,0,0.2129,30.9068,15.8791,0.1916,4.5,"44.4",0.0020097148577997,7.41592198450072e-06,0.000545070265860803,0.00145722866995439,26969000,"%"
"Malawi",0,18.8711,2.6263,0,13.0891,0.2753,0.6672,1.3767,14.6458,0.0106,0.4024,0.2542,5.6232,0.7519,0.0529,1.3555,0.0318,0,0,0.2012,31.1236,8.4189,0.2224,4.7,"17.5",0.000542165440979119,2.14718986526384e-05,0.000177143163884266,0.000343550378442214,18629000,"%"
"Malaysia",0,17.1723,1.4813,0,2.2933,2.7596,1.8599,0.1756,9.8041,0.0713,1.2289,0.0329,1.7502,0.0658,0.6584,0.0329,0,0,0,0.3731,32.8304,27.174,0.2359,15.3,"2.5",0.0226452538698745,0.000351112875156474,0.0182548163527005,0.00403932464201753,32753000,"%"
"Maldives",0,29.7398,4.8409,0,4.5092,3.2756,8.4068,0.4665,5.836,0.4561,7.3909,0,1.3683,0.0518,1.1713,0.0622,1.7207,0,0,4.9756,20.255,4.9549,0.5183,7.9,"10.3",0.260747663551402,0.000747663551401869,0.0289719626168224,0.231028037383178,535000,"%"
"Mali",0,17.4631,1.2195,0,12.0873,0.1327,0.4065,0.2987,5.6745,0.0249,9.7146,0.3152,3.3765,0.5475,0.1244,0.1327,0.0332,0,0,1.3357,32.5369,14.1945,0.3816,7.1,"6.3",0.00538711974768542,0.000340828161562723,0.00307254044155051,0.00197375114457218,19658000,"%"
"Malta",0,29.3856,6.6557,0,4.8786,1.3878,1.3074,0.2666,10.6541,0.0169,9.3298,0.0508,1.4978,0.0804,0.0804,0.0296,2.6783,0,0,1.172,20.6144,9.3975,0.5162,31,"<2.5",0.1222,0.0012,0.097,0.024,5e+05,"%"
"Mauritania",0,17.4021,1.7485,0,4.3092,0.4337,0.5369,0.0895,5.7479,0.0688,8.646,0.2822,0.5025,0.3373,0,0.0207,0.1652,0,0,0,32.6014,26.9567,0.1514,11.3,"10.4",0.00578877596111357,0.000198851082633672,0.00033141847105612,0.00525850640742377,4526000,"%"
"Mauritius",0,12.8934,1.4559,0,3.2471,0.7355,1.0457,0.1501,6.7594,0.1001,2.8418,0.055,1.566,0.2502,0.3452,0.025,0.9856,0,0,0.2702,37.1041,29.9945,0.1751,11.5,"6.5",0.0263823064770932,0.000789889415481833,0.025434439178515,0.000157977883096367,1266000,"%"
"Mexico",0,23.7741,3.2525,0,6.4604,2.2807,0.4661,0.5305,13.2133,0.005,4.3433,0.2182,1.185,0.238,0.2529,0.0248,0.2033,0,0,0.7437,26.2234,16.3419,0.2429,28.4,"3.6",0.0561752925096977,0.00603032146440507,0.0390687091651722,0.0110762618801204,126577000,"%"
"Mongolia",0,36.9018,5.5153,0,2.7445,0.593,0.0315,0.042,21.0223,0.0525,9.0628,0.6717,0.1259,0.0105,0.0052,0.042,1.6373,0,0,0.0787,13.0982,8.2231,0.1417,19.6,"13.4",0.00431324564086877,0,0.00100948302233099,0.00330376261853778,3269000,"%"
"Montenegro",0,32.7855,3.8887,0,3.7312,1.1566,0.3473,0.3688,14.7778,0.1003,12.5363,0.0752,0.5837,0.0788,0.043,0.0251,2.5531,0,0,0.8415,17.2163,8.6332,0.2578,24.9,"<2.5",0.0520900321543408,0.00144694533762058,0.0506430868167203,0,622000,"%"
"Morocco",0,15.4227,3.5807,0,7.1539,1.1517,1.2329,0.7014,6.9989,0.0074,2.2296,0.2289,0.7309,0.1477,0.3987,0.096,0.1993,0,0,1.9048,34.5736,22.9457,0.2953,25.6,"3.4",0.0211650321746705,0.000562002978615787,0.0134150110995588,0.00718801809649591,35587000,"%"
"Mozambique",0,11.591,1.1197,0,8.8101,0.5537,0.849,0.1846,6.8783,0.0369,2.0795,0.1107,1.1936,0.7014,0.0246,0.849,0.0984,0,0,0.8244,38.4152,25.5199,0.16,6,"27.9",0.000688269775406705,3.29315682012777e-06,0.000233814134229072,0.000451162484357505,30366000,"%"
"Myanmar",0,26.047,3.0066,0,3.8192,0.9251,2.5441,0.275,18.1335,0.0375,1.2814,0.1563,5.1194,0.6938,0.5313,0.0625,0.025,0,0.0813,0.2688,23.953,12.7453,0.2938,5.7,"10.6",NA,NA,NA,NA,54045000,"%"
"Namibia",0,16.7373,3.3171,0,6.802,0.2718,0.6075,0.2798,7.7772,0.0959,4.548,0.2078,0.8792,0.4316,0.4236,0.5915,0.5995,0,0,0.1199,33.2667,22.9078,0.1359,15,"27.3",0.000841683366733467,0,0.000561122244488978,0.000280561122244489,2495000,"%"
"Nepal",0,12.1853,3.3076,0,7.1664,0.4361,0.1563,0.5513,2.7069,0.0082,5.4139,0.1563,0.4525,0.5513,1.1437,0.1975,0.2468,0.1892,0,0.5019,37.8147,26.2136,0.6006,3.8,"8.7",0.00238386521723933,1.39816141773568e-05,0.00039148519696599,0.00197839840609598,28609000,"%"
"Netherlands",0,30.1494,6.6484,0,1.2702,1.4787,0.7451,0.3475,10.8567,0,10.3934,0.027,0.3591,0.0309,0.1235,0.0849,0.0541,0,0,1.498,19.8525,15.8449,0.2355,23.1,"<2.5",0.26332275742717,0.0337409864436112,0.00100374963945774,0.228578021344102,17335000,"%"
"New Caledonia",0,22.2697,3.6599,0,5.0979,1.0439,0.8385,0.2222,11.6086,0.2851,5.0476,0.0755,3.3036,0.0293,0.0629,0.0335,1.3961,0,0,0.2557,27.7282,16.8532,0.1887,NA,"7.1",NA,NA,NA,NA,291000,"%"
"New Zealand",0,34.1264,13.9753,0,1.3271,1.2111,0.6485,0.3049,13.9409,0,4.2948,0.0601,2.0228,0.0773,0.0859,0.0687,0.0945,0,0,1.3357,15.8736,10.2689,0.2835,32,"<2.5",0.0302433138950332,0.000422280313693947,0.0293786446812789,0.000442388900060326,4973000,"%"
"Nicaragua",0,17.9935,2.3309,0,9.2369,1.008,0.4174,0.1339,7.6069,0.1102,6.5123,0.1102,1.9214,0.4646,0.0079,0.1024,0.4252,0,0,0.0315,32.0104,19.3952,0.1811,21.8,"17",0.00426214482126489,0.00025970058050718,0.00304002444240758,0.000962419798350137,6546000,"%"
"Niger",0,10.9769,2.6573,0,12.436,0.058,0.1353,0.2416,3.6332,0.0097,4.3193,0.1836,13.4216,1.4398,0.3479,0.0483,0.029,0,0,0,39.0279,10.5904,0.4445,4.7,"16.5",0.00407961906396122,0.000265968855904938,0.00337179872163356,0.000441851486422719,23311000,"%"
"Nigeria",0,5.0182,0.8078,0,7.1082,0.5755,0.5957,0.3433,2.4838,0.0101,0.4645,0.0909,4.3922,0.4241,0.4746,1.2621,0.0404,0,0,0.2322,44.9818,30.1494,0.5452,7.8,"13.4",0.00401464938994049,0.000115941163591489,0.0011499572062658,0.0027487510200832,200964000,"%"
"North Macedonia",0,19.642,7.1263,0,1.9013,0.7305,0.2371,0.4112,6.5409,0.0435,4.8476,0.15,2.0174,0.1355,0.4886,0.0774,1.7078,0,0,1.1708,30.3628,21.6642,0.745,23.9,"3.2",0.0961982675649663,0.00543792107795958,0.0692492781520693,0.0215110683349374,2078000,"%"
"Norway",0,27.2211,6.4445,0,1.9601,1.0645,1.5545,0.4055,10.6992,0.3244,7.4043,0.0541,1.7032,0.0912,0.0473,0.0473,1.6796,0,0,0.8888,22.7806,15.4642,0.1656,25,"<2.5",0.156482694106642,0.00439663236669785,0.144565014031805,0.00752104770813845,5345000,"%"
"Oman",0,23.6146,2.3712,0,3.7744,1.4422,0.929,0.7926,9.0171,0.0325,9.6407,0.2144,1.1174,0.1689,0.7276,0.039,1.0979,0,0,0.6107,26.3821,17.4495,0.5782,22.9,"6.8",0.165495207667732,0.000788072417465389,0.041171458998935,0.123535676251331,4695000,"%"
"Pakistan",0,24.8245,8.9701,0,4.2124,0.6203,0.0818,0.1227,3.4967,0.0068,11.5125,0.1431,1.0906,0.2726,0.2249,0.0341,0.0204,0.0613,0,0.1909,25.1789,18.8603,0.075,7.8,"20.3",0.0260194398910258,0.000538868238173297,0.00807240320458061,0.0174081684482719,216565000,"%"
"Panama",0,25.9557,9.1864,0,3.8355,0.8991,0.8614,0.5722,9.1046,0.132,5.7281,0.1823,1.4273,0.1509,0.0377,0.0566,1.0375,0,0,0.4339,24.0317,16.2412,0.1258,22.5,"10",0.265062811092676,0.00734771272813463,0.148826736193411,0.108888362171131,4219000,"%"
"Paraguay",0,19.8084,3.8811,0,4.9807,1.5622,0.1742,0.3974,10.2335,0.0272,3.7069,0.2558,2.0576,0.2123,0.0218,0.5552,0.5334,0,0,0.0163,30.1889,21.2672,0.1198,19,"10.7",0.0120877585243153,0.000153717160424818,0.00480715483510341,0.00712688652878703,7156000,"%"
"Peru",0,18.0402,1.1055,0,5.5879,2.1206,1.9497,1.6382,6.8241,0.0302,5.608,0.4322,2.5628,0.603,0.0704,0.6834,0.4523,0,0,0.2312,31.9598,19.6482,0.4523,19.1,"9.7",0.390104150278468,0.011418772222397,0.160312765488814,0.218372612567257,31781000,"%"
"Philippines",0,29.7607,7.3714,0,3.4748,1.0544,1.6045,0.7243,18.887,0.0275,0.5684,0.2751,2.2371,0.055,0.0642,0.22,0.3576,0,0.0183,0.7701,20.2439,11.9281,0.3576,6,"13.3",0.0132439856821776,0.000807458586531258,0.00307352220279882,0.00936300489284756,108117000,"%"
"Poland",0,32.746,12.3719,0,1.6183,0.7141,0.4851,0.2057,13.3072,0,5.86,0.0078,0.4967,0.031,0.0427,0.1087,0.0737,0,0,0.4385,17.254,13.9747,0.2639,25.6,"<2.5",0.0563307291666667,0.00262239583333333,0.02415625,0.0295520833333333,38400000,"%"
"Portugal",0,26.4556,9.5983,0,2.1808,0.7993,1.0267,0.2825,10.3459,0.0138,4.5442,0.1378,0.4203,0.0689,0.0413,0.0586,1.354,0,0,0.7648,23.5444,18.0803,0.2825,23.2,"<2.5",0.299814977115591,0.0129516019086571,0.173551465576005,0.113311909630928,10269000,"%"
"Republic of Moldova",0,26.5244,6.8551,0,2.557,1.5517,0.6921,0.2987,9.7764,0.0656,7.5326,0.1238,0.2841,0.0291,0.0146,0.0874,0.8305,0,0,0.1093,23.472,18.8388,0.357,20.1,NA,0.201721704769969,0.00736663844199831,0.107310189105278,0.0870448772226926,3543000,"%"
"Romania",0,27.4359,6.8987,0,2.5519,1.5914,0.1994,0.293,7.9894,0.0366,10.6349,0.1221,0.5495,0.0407,0.4965,0.1099,0.8506,0,0,0.6797,22.56,16.512,0.4477,24.5,"<2.5",0.0944321057796601,0.00622385207375652,0.0600692113010692,0.0281390424048345,19361000,"%"
"Russian Federation",0,27.936,7.2,0,1.6511,1.9603,0.9415,0.2138,10.8433,0.0091,6.8453,0.1455,0.7823,0.0546,0.0273,0.141,0.4184,0,0,0.1274,22.064,18.3753,0.2638,25.7,"<2.5",0.240867301388255,0.0024759594087139,0.0809631229937777,0.157428218985763,146731000,"%"
"Rwanda",0,11.0727,1.0364,0,4.8545,0.1636,0.6364,9.6727,5.2182,0.0182,3.7818,0.2364,3.6545,2.6909,0.0545,2.1636,0.0545,0,0,0.0182,38.9091,15.5091,0.2545,4.8,"36.8",0.00266096459966738,0,0.00188484992476439,0.000776114674902986,12627000,"%"
"Saint Kitts and Nevis",0,24.3013,4.737,0,2.0602,0.56,0.7296,0.3596,14.3547,0.1439,3.7916,0.1233,2.9028,0.1541,0.2055,0.0462,0.1798,0,0,0.5189,25.7039,19.0043,0.1233,23.1,NA,0.0283018867924528,0,0.0283018867924528,0,53000,"%"
"Saint Lucia",0,33.3454,3.813,0,1.6712,0.5249,1.5867,0.3741,22.8778,0.1629,4.3137,0.2353,2.4012,0.181,0.4163,0.0965,0.9894,0,0,0.5551,16.6516,9.6531,0.1508,19.8,NA,0.01,0,0.01,0,180000,"%"
"Saint Vincent and the Grenadines",0,24.4653,1.085,0,4.3274,0.7589,0.715,0.7526,17.529,0.2258,4.2521,0.1254,0.6773,0.2759,1.2919,0.1756,1.7184,0,0,0.4516,25.5315,15.3904,0.2509,23.8,"5.7",0.0162162162162162,0,0.0126126126126126,0.0036036036036036,111000,"%"
"Samoa",0,21.6806,4.778,0.0036,1.5771,0.2227,1.8968,0.6287,13.2418,0.0683,1.4693,0.0683,16.8666,0,0.115,0.3341,0.291,0,0,0.0611,28.3194,8.3345,0.0431,45.5,"2.7",NA,NA,NA,NA,199000,"%"
"Sao Tome and Principe",0,7.3284,0.6241,0,2.9864,0.1074,1.4361,1.2013,4.1809,0.0537,0.9731,0.0134,20.7704,0.1342,0.0336,0.1544,0.0738,0,0,0.0268,42.6616,17.1666,0.0738,10.6,"7",0.145145631067961,0.00533980582524272,0.00194174757281553,0.137864077669903,206000,"%"
"Saudi Arabia",0,15.3954,2.6475,0,5.2126,0.9019,0.4122,0.4219,6.9243,0.0873,4.4125,0.097,0.6207,0.1794,0.48,0.0291,1.251,0,0,0.7128,34.607,25.4182,0.1891,35,"7.1",0.218583786311298,0.00116605295458531,0.133461920626571,0.083955812730142,34218000,"%"
"Senegal",0,6.104,0.7876,0,5.7374,0.258,0.7129,0.0815,3.2319,0.0068,0.9845,0.1222,3.9041,0.1222,0.1697,0.0543,0.2037,0,0,0.387,43.9028,33.0391,0.1901,7.4,"11.3",0.0192071674030437,0.000214776632302405,0.00929675994108984,0.00969563082965145,16296000,"%"
"Serbia",0,33.0354,4.0698,0,2.1213,1.5195,0.3396,0.578,18.1385,0.006,8.7594,0.2145,1.1262,0.0775,0.0834,0.0596,1.5016,0,0,0.9355,16.9646,10.1061,0.3635,23.5,"5.7",0.161166306695464,0.00344132469402448,0.0852411807055436,0.0724838012958963,6945000,"%"
"Sierra Leone",0,5.9931,0.1678,0,3.2063,0.2983,1.2117,0.261,2.0412,0.0373,2.1996,0.0746,4.856,0.466,0.2889,0.4474,0.0746,0,0,0.0559,44.0022,34.0479,0.2703,7.5,"25.6",0.0094073979265327,0.000537565595801869,0.00375015998976066,0.00511967234097018,7813000,"%"
"Slovakia",0,25.493,14.9373,0,2.0003,1.1183,0.2331,0.1386,5.8496,0.0095,3.2697,0.0851,0.7686,0.0221,0.0599,0.041,0.7655,0,0,0.4253,24.507,20.1474,0.1292,22.4,"3.4",0.0277044371103777,0.000513384671800513,0.023964063072974,0.00322698936560323,5454000,"%"
"Slovenia",0,26.6163,10.0008,0,3.5771,1.1287,0.3693,0.4606,8.5899,0.0622,6.4155,0.112,0.8714,0.0415,0.1784,0.0539,2.411,0,0,1.5852,23.3878,13.8684,0.2697,22.5,"<2.5",0.0703544061302682,0.00512452107279694,0.0644636015325671,0.000766283524904214,2088000,"%"
"Solomon Islands",0,13.6649,3.4726,0,3.0802,0.2943,2.5505,0.569,6.5431,0.0981,0.7553,0.049,16.5686,0.5199,0.1962,2.1778,0.981,0,0,0.3139,36.3351,11.752,0.0785,20.5,"8.9",NA,NA,NA,NA,699000,"%"
"South Africa",0,19.7743,0.8542,0,6.4308,1.0982,0.2379,0.0854,14.1489,0,3.1056,0.3295,1.1836,0.0427,0.1037,0.0549,0.2807,0,0,0.0915,30.2257,21.7877,0.1647,27,"6.2",0.0402876347754879,0.000820595059369455,0.020330626450116,0.0191364132660025,58616000,"%"
"Spain",0,19.5253,2.4641,0,1.078,1.2521,1.0814,0.375,9.2772,0,5.3601,0.0937,1.0513,0.0971,0.0134,0.0469,0.4955,0,0,1.3626,30.4731,25.6922,0.2611,27.1,"<2.5",0.500074352601279,0.0570050772204873,0.319452764854588,0.123616510526204,47073000,"%"
"Sri Lanka",0,10.1348,0.3195,0,2.7159,1.1682,2.2766,0.5791,2.027,0.01,4.2336,0.0999,27.1892,0.3794,1.4279,0.0899,0.1198,0,0.01,0.4194,39.8602,6.7,0.2396,5.4,"9",0.0053977532194721,4.56662708923189e-05,0.00317380582701617,0.00217828112156361,21898000,"%"
"Sudan",0,20.1511,1.7092,0,5.6998,0.2347,0.0587,0.3961,7.0789,0.0073,10.8055,0.2641,3.7265,0.4108,0.1174,0.0587,0.0587,0,0,0,29.8489,19.0214,0.3521,7.4,"20.1",0.00928689883913764,0.000397075654590895,0.00117487678976012,0.00771494639478663,42813000,"%"
"Suriname",0,14.8751,0.7849,0,3.1593,0.9601,0.772,0.2335,10.639,0.1557,1.6867,0.0324,3.1139,0.0649,0.0584,0.1103,0.8823,0,0,0.1557,35.1281,26.9089,0.2789,26.5,"8.5",0.00182724252491694,0.000166112956810631,0.00149501661129568,0.000166112956810631,602000,"%"
"Sweden",0,28.4111,9.7148,0,1.9481,1.3741,0.8778,0.3556,8.8481,0.0481,7.5926,0.0074,0.9519,0.0296,0.1111,0.0481,0.2333,0,0,0.9704,21.5852,16.663,0.2296,22.1,"<2.5",0.329020027221466,0.0391697452848532,0.0483278242271048,0.241522457709508,10286000,"%"
"Switzerland",0,28.1054,6.2293,0,1.1241,0.93,0.4048,0.3379,12.0906,0,8.3804,0.0703,0.5286,0.0268,0.0836,0.0368,0.174,0,0,1.9772,21.8962,17.3898,0.2141,21.2,"<2.5",0.358679421371909,0.0223168455436304,0.328978068128791,0.0073845076994867,8572000,"%"
"Taiwan*",0,19.3217,2.6952,0,1.1629,1.4818,0.4667,0.2956,13.2817,0.0194,1.3223,0.07,2.8197,0.0506,0.105,0.0194,0.4823,0,0,0.6145,30.6783,24.8016,0.3111,NA,"3.5",0.00186919849107786,2.96698173186962e-05,0.00175899631246556,8.0532361293604e-05,23593000,"%"
"Tajikistan",0,12.6827,0.0348,0,10.2035,0.5741,0.0174,0.3566,7.159,0.0348,4.6799,0.2175,1.27,0.1131,0.0174,0.0783,1.1308,0,0,0.4175,37.3173,22.7557,0.9395,12.6,NA,0.033618913349962,0.000498861294870405,0.0151285110074829,0.0179915410476087,9221000,"%"
"Thailand",0,19.5718,1.666,0,2.538,2.8961,1.7984,0.506,11.6621,0.0078,1.4636,0.0934,4.6166,0.1012,1.7594,0.0701,0.1246,0,0,0.2647,30.4165,20.2336,0.2102,10.8,"7.8",0.00458311989634495,8.58770000301323e-05,0.00441136589628469,8.58770000301323e-05,66374000,"%"
"Timor-Leste",0,17.8988,2.0345,0,10.2168,0.2446,0.7893,1.3007,14.5525,0.1112,0.1779,0.0889,3.5353,0.2779,0.1445,0.1779,0.2001,0,0,0.0111,32.1067,15.9644,0.1668,2.9,"24.9",0.00185614849187935,0,0.00185614849187935,0,1293000,"%"
"Togo",0,5.3063,0.5351,0,8.9093,0.1962,0.5708,0.0624,3.3889,0.0803,0.544,0.0713,2.9608,0.8918,0.223,0.6064,0.1694,0,0,0,44.6892,30.643,0.1516,7.1,"16.1",0.00477604553328384,0.000160851274437021,0.00199208116802772,0.0026231130908191,8082000,"%"
"Trinidad and Tobago",0,23.3455,5.3472,0,2.5134,0.6185,0.7816,0.3205,11.386,0.1012,5.1279,0.0843,3.1993,0.343,0.4386,0.0843,0.4386,0,0,0.596,26.6573,18.4369,0.1799,19.7,"5.5",0.00851688693098385,0.000587371512481645,0.0079295154185022,0,1362000,"%"
"Tunisia",0,12.7886,2.6543,0,3.2543,0.9255,0.5085,0.4068,4.0323,0.0102,4.5764,0.0915,1.4085,0.2034,0.3407,0.0407,0.3,0,0,2.3289,37.2114,28.1552,0.7627,27.3,"4.3",0.0090098585512216,0.000411487355336477,0.00787826832404629,0.000720102871838834,11665000,"%"
"Turkey",0,13.6766,2.9392,0,2.0428,0.825,0.1428,0.3292,3.8475,0.0079,5.8586,0.0674,1.7453,0.3808,0.3729,0.0516,0.0912,0,0,2.8162,36.3175,27.8172,0.6703,32.2,"<2.5",0.191041921386807,0.00528889803527546,0.145284297940852,0.0404687254106795,82607000,"%"
"Turkmenistan",0,32.6886,6.4856,0,2.9938,1.106,0.1274,0.3069,17.4764,0.0347,7.4411,0.0521,0.3938,0.0405,0.0058,0.0521,1.0829,0,0,0.1969,17.3085,11.761,0.4459,17.5,"5.4",NA,NA,NA,NA,5942000,"%"
"Uganda",0,12.3139,0.9627,0,3.4479,0.2239,0.862,0.7164,6.101,0.0112,4.0188,0.1343,6.5599,1.0411,0.0336,0.5709,0.1008,0,0,0,37.6917,25.0532,0.1567,4.1,"41",0.000501468262932008,0,0.000155861757397786,0.000345606505534222,44270000,"%"
"Ukraine",0,26.91,5.494,0,3.0837,2.4481,0.516,0.3084,9.635,0.0063,8.691,0.1196,0.1007,0.0629,0.0378,0.2266,0.4972,0,0,0.7867,23.09,17.4638,0.5223,26.1,"3.5",0.0505388110474106,0.00148202773746937,0.0172086495230392,0.031848133786902,42037000,"%"
"United Arab Emirates",0,21.4437,4.0036,0,3.0418,1.1407,0.8108,0.6766,9.461,0.1006,5.86,0.1677,3.204,1.0624,1.1295,0.0168,0.1454,0,0,3.8246,28.5563,14.924,0.4306,29.9,"2.6",0.316158981848529,0.00258710619653662,0.163331942416023,0.150239933235969,9586000,"%"
"United Kingdom",0,25.8633,4.2615,0,1.4678,1.0778,0.5176,0.4219,12.5789,0.078,7.353,0.0745,1.1664,0.0638,0.1276,0.0851,1.4642,0,0,0.702,24.1332,18.3507,0.2127,29.5,"<2.5",0.392840363293582,0.0553558870617809,0.00173716577140036,0.335747310460401,66833000,"%"
"United Republic of Tanzania",0,7.5907,1.5442,0,4.214,0.0744,0.4558,0.2698,3.014,0,2.5023,0,8.3628,1.0233,0.1302,0.7163,0.0279,0,0,0.3628,42.4093,27.0605,0.2419,7.1,"30.7",0.000877510559434531,3.62037755365917e-05,0.000315490043961727,0.000525816739936212,58005000,"%"
"United States of America",0,21.2045,3.3013,0,1.2829,1.25,0.3887,0.4426,9.4166,0,6.8359,0.009,1.7464,0.0449,0.0867,0.0478,0.3977,0,0,0.942,28.797,23.6117,0.1944,37.3,"<2.5",0.505024107330026,0.0298402262777493,0.115191719352398,0.37018407852883,329153000,"%"
"Uruguay",0,25.5069,3.4811,0,2.5698,1.2804,0.3281,0.1777,12.2841,0.0456,8.0603,0.0729,1.5127,0.0729,0.0319,0.1002,0.7564,0,0,0.1367,24.4908,18.8819,0.2096,28.9,"<2.5",0.0223643080420574,0.000625177607274794,0.0178743961352657,0.00386473429951691,3519000,"%"
"Uzbekistan",0,25.9903,2.4884,0,2.7168,1.0639,0.0962,0.583,10.3624,0.012,11.805,0.1743,0.3366,0,0.018,0.0902,0.1683,0,0,0.7754,24.0067,18.4589,0.8535,15.3,"6.3",0.00952765080218697,3.8839592483045e-05,0.00778883212333065,0.00169997908637328,33471000,"%"
"Vanuatu",0,14.9179,1.9531,0,4.1249,0.3509,1.4343,0.3052,9.9334,0.0254,1.1495,0.0966,23.1779,0,0.1068,0.4578,0.2187,0,0,0.0356,35.0847,6.4849,0.1424,23.5,"7.2",NA,NA,NA,NA,313000,"%"
"Venezuela (Bolivarian Republic of)",0,16.3261,2.2673,0,2.5449,0.6555,0.5707,0.964,7.0949,0.0077,5.5217,0.2082,0.1003,0.1157,0,0.1311,0.0848,0,0,0.0154,33.6855,29.5211,0.1851,25.2,"21.2",0.00412750736428672,3.50680319820452e-05,0.00105905456585776,0.00303338476644691,28516000,"%"
"Vietnam",0,33.2484,3.8238,0,3.7155,0.7839,1.1217,0.4079,26.4292,0.0064,0.752,0.3378,4.2891,0.0765,0.6309,0.0701,0.0829,0.0382,0,1.1726,16.7548,5.6211,0.6373,2.1,"9.3",0.000340804549636196,0,0.000284352262273145,5.64522873630509e-05,95656000,"%"
"Yemen",0,12.5401,2.0131,0,11.5271,0.5514,0.3847,0.2564,8.001,0.0256,1.3463,0.2436,0.7565,0.5001,0.1026,0.0513,0.3718,0,0,0.0769,37.4535,23.6312,0.1667,14.1,"38.9",0.000798984980454016,0.000150881283862561,3.42912008778547e-05,0.0006138124957136,29162000,"%"
"Zambia",0.0783,9.6005,1.6113,0,14.3225,0.6266,1.007,0.1343,4.901,0.0224,1.2756,0.179,9.8915,0.0783,0.1567,0.2014,0.0671,0,0,0.0112,40.3939,15.2848,0.1567,6.5,"46.7",0.0051508874083198,3.91915346285202e-05,0.00188119366216897,0.00323050221152231,17861000,"%"
"Zimbabwe",0,10.3796,2.9543,0,9.7922,0.3682,0.2455,0.0614,4.5674,0.0175,2.104,0.1315,1.9462,0.114,0.0526,0.0877,0.1052,0,0,0.4296,39.6248,26.9396,0.0789,12.3,"51.3",0.000382383065892796,2.73130761351997e-05,0.000170706725844998,0.000184363263912598,14645000,"%"
