"Country","Alcoholic Beverages","Animal Products","Animal fats","Aquatic Products, Other","Cereals - Excluding Beer","Eggs","Fish, Seafood","Fruits - Excluding Wine","Meat","Milk - Excluding Butter","Miscellaneous","Offals","Oilcrops","Pulses","Spices","Starchy Roots","Stimulants","Sugar Crops","Sugar & Sweeteners","Treenuts","Vegetal Products","Vegetable Oils","Vegetables","Obesity","Undernourished","Confirmed","Deaths","Recovered","Active","Population","Unit (all except Population)"
"Afghanistan",0,4.7774,0.8504,0,37.1186,0.1501,0,1.4757,1.2006,2.4512,0.025,0.1251,0.1751,0.5003,0.1001,0.3252,0.075,0,2.2261,0.1251,45.2476,2.3012,0.7504,4.5,"29.8",0.00613795278902266,0.000178749802849482,0.000814888807107933,0.00514431417906524,38042000,"%"
"Albania",0.912,16.093,1.0591,0,16.2107,0.8091,0.1471,3.8982,3.8688,9.9441,0.0588,0.2648,1.0886,0.8091,0,1.2651,0.2501,0,3.4422,0.3972,33.907,2.8244,2.7508,22.3,"6.2",0.0273617914625612,0.00108467459762071,0.017074877536739,0.00920223932820154,2858000,"%"
"Algeria",0.0896,6.0326,0.1941,0,25.0112,0.4181,0.1195,3.1805,1.2543,3.9869,0.1045,0.0597,0.2688,1.09,0.1195,1.9262,0.1493,0,3.9869,0.224,43.9749,5.7638,2.0457,26.6,"3.9",0.00957010551536654,0.00104363452057319,0.00419527254296641,0.00433119845182694,43406000,"%"
"Angola",1.9388,4.6927,0.2644,0,18.3521,0.0441,0.8372,2.3133,2.9302,0.5067,0.0661,0.1102,1.0795,1.4981,0,12.6239,0.0441,0,2.7539,0,45.3184,4.2741,0.3525,6.8,"25",9.54593184204665e-05,6.36395456136443e-06,3.50017500875044e-05,5.40936137715977e-05,31427000,"%"
"Antigua and Barbuda",2.3041,15.3672,1.5429,0,13.7215,0.2057,1.728,3.6824,7.0356,4.6904,0.3086,0.1646,0.5966,0.4526,0.3497,0.8434,0.4937,0,5.8218,0.0823,34.6225,4.6904,1.296,19.1,NA,0.0257731958762887,0.00309278350515464,0.0154639175257732,0.00721649484536083,97000,"%"
"Argentina",1.4354,14.9869,1.065,0,16.7927,0.8643,0.2006,1.4663,9.4459,3.1641,0,0.2624,0.0309,0.1235,0.0309,1.4045,0.2315,0,7.0536,0.0463,34.99,5.541,0.8643,28.5,"4.6",0.0100847815928258,0.000500678697790338,0.00287500834464496,0.00670909455039053,44939000,"%"
"Armenia",0.2274,12.833,1.7706,0,19.2658,0.731,0.1787,2.5341,4.2235,5.6368,0.1137,0.2924,0.2274,0.4386,0.0162,1.2508,0.6985,0,5.2956,0.3086,37.167,3.5737,3.2164,20.9,"4.3",0.0725185685347738,0.00111411208642809,0.0329844699527346,0.0384199864956111,2962000,"%"
"Australia",1.9783,15.6146,1.9027,0,11.643,0.4681,0.604,1.6611,7.4902,4.8022,0.2114,0.3473,0.6645,0.1359,0.1057,1.3138,0.5134,0,5.7989,0.8457,34.3854,8.3812,1.1326,30.4,"<2.5",0.0267852203121913,0.00036751630112626,0.0228215767634855,0.00359612724757953,25305000,"%"
"Austria",2.8161,15.6106,5.2532,0,12.3748,0.7853,0.4062,1.5976,5.0095,4.0482,0,0.1083,0.6905,0.1083,0.1083,1.4622,0.3656,0,6.2551,0.4197,34.3894,7.1622,1.029,21.9,"<2.5",0.174957755998648,0.00663512447899065,0.147685028725921,0.0206376027937366,8877000,"%"
"Azerbaijan",2.2555,8.1682,1.305,0,28.7417,0.5478,0.0967,1.6111,2.9322,3.1738,0.0322,0.1128,0.0483,0.0806,0.0161,2.2072,0.3061,0,3.4155,0.4511,41.8237,1.2083,1.4661,19.9,"<2.5",0.0184974558515415,0.00024942631946523,0.0136186770428016,0.00462935248927467,10023000,"%"
"Bahamas",2.9145,14.793,1.4205,0,10.7274,0.6613,1.2491,4.4575,8.1803,2.988,1.0776,0.2694,1.0287,0.1225,0.2204,0.7103,0.4164,0,8.6701,0.1714,35.2437,3.1594,1.5185,32.1,NA,0.0208226221079692,0.00282776349614396,0.00616966580976864,0.0118251928020566,389000,"%"
"Bangladesh",0,2.3695,0.1541,0,37.5265,0.2312,0.8284,0.655,0.3468,0.7706,0.0193,0.0385,0.1348,1.2329,0.5009,1.9264,0.0193,0.0193,1.4255,0.1156,47.6401,3.429,0.6165,3.4,"14.7",0.00503339097069049,0.000103869442221095,0.000106313429096886,0.00482320809937251,163667000,"%"
"Barbados",1.1224,12.0877,1.157,0,15.3514,0.5871,1.416,1.934,5.664,3.1428,0.8979,0.1036,1.1915,1.2606,0.2936,1.7095,0.2936,0,8.0815,0.2763,37.9209,4.4552,1.0534,24.8,"3.9",0.0282229965156794,0.0024390243902439,0.013588850174216,0.0121951219512195,287000,"%"
"Belarus",3.2979,12.2644,2.6748,0,14.2705,0.8511,0.4863,1.3982,5.7143,2.1884,0.1672,0.3495,0.228,0,0.0152,4.9848,0.3951,0,4.6049,0.4255,37.7204,6.1246,1.8389,26.6,"<2.5",0.157568395479032,0.000982359776064223,0.0308228583500581,0.12576317735291,9467000,"%"
"Belgium",2.3089,14.1587,4.7771,0,13.0441,0.69,0.5971,1.38,3.2776,4.6311,0,0.1858,0.2389,0.2919,0.0929,2.1895,0.1194,0,6.8073,0.5573,35.8413,7.0727,1.7383,24.5,"<2.5",0.42792808518066,0.0672281375458195,0.103787746552627,0.256912201082213,11458000,"%"
"Belize",1.5199,9.1752,2.6135,0,18.9064,0.2966,0.3707,2.5209,3.9481,1.8906,0.519,0.0371,0.6117,2.2799,0.0371,0.5005,0.2966,0,7.6367,0.1297,40.8526,5.1158,0.7414,22.4,"7.5",0.00441176470588235,0.000490196078431373,0.00318627450980392,0.000735294117647059,408000,"%"
"Benin",1.7604,2.4864,0.0907,0,18.4755,0.0544,0.5263,0.7623,1.1978,0.5263,0.0544,0.0726,1.8693,1.6515,1.0163,14.4646,0.0181,0,1.4338,0.5082,47.5318,4.6461,0.853,8.2,"10.1",0.000762647233285315,1.69477162952292e-05,0.000355902042199814,0.000389797474790272,11801000,"%"
"Bolivia",0.7859,10.0255,0.9133,0,21.644,0.5523,0.1062,2.4214,6.7545,1.6355,0.1274,0.085,0.4036,0.9133,0.085,3.5472,0.2761,0,5.6924,0.7859,39.9533,2.6551,0.6372,18.7,"17.1",0.0107149084568439,0.000575414123801221,0.00116826503923278,0.00897122929380994,11470000,"%"
"Bosnia and Herzegovina",3.8856,9.0561,0.5507,0,21.233,0.2907,0.1836,1.8969,3.0289,4.8799,0.1989,0.1071,0.306,0.7802,1.0402,2.264,0.8414,0,3.0289,0.2601,40.9515,2.9524,2.264,19.4,"<2.5",0.0509876896650444,0.00200400801603206,0.021614657887203,0.0273690237618093,3493000,"%"
"Botswana",1.5598,8.1197,1.047,0,22.3932,0.1068,0.1923,1.0256,1.8803,4.6795,0.4487,0.2137,0.4915,0.5769,0.3419,2.6709,0.2564,0,5.9402,0.0427,41.8803,5.4915,0.641,16.1,"26.4",0.00100744634253176,4.38020148926851e-05,0.00035041611914148,0.000613228208497591,2283000,"%"
"Brazil",1.4314,13.2061,1.5238,0,14.5913,0.4464,0.2309,1.7239,7.1571,3.7402,0,0.1077,0.7234,2.0317,0.0154,1.7854,0.1385,0.1847,6.326,0.077,36.8016,7.2033,0.5541,22.3,"<2.5",0.0440458219479105,0.0030630768348843,0.0181716125580418,0.0228111325549844,209332000,"%"
"Bulgaria",3.6782,12.29,2.458,0,17.931,0.5836,0.2829,1.7683,4.3148,4.3855,0.0884,0.2653,0.6366,0.3537,1.2202,0.9019,0.2122,0,4.6508,0.1415,37.7188,5.252,0.8665,27.4,"3.6",0.0222939068100358,0.000974910394265233,0.00395698924731183,0.0173620071684588,6975000,"%"
"Burkina Faso",2.5188,2.7946,0.1287,0,31.6051,0.1471,0.2574,0.1471,1.1583,1.0112,0.0368,0.0919,3.6771,2.4269,0.0552,0.478,0.0184,0,1.765,0.0735,47.1962,4.2103,0.2022,4.5,"20",0.00319374046552827,0.000216524777323951,0.00254416613355642,0.000433049554647901,20321000,"%"
"Cabo Verde",1.2525,8.5288,1.0537,0,23.8171,0.338,0.3976,1.4513,3.4394,3.2207,0.4374,0.0795,0.4374,2.2068,0.497,1.8887,0.1789,0,3.6183,0.0596,41.4712,4.493,1.1332,10.6,"12.6",0.0221818181818182,0.000181818181818182,0.00327272727272727,0.0187272727272727,550000,"%"
"Cambodia",1.4153,4.0437,0.1011,0,33.0166,0.1011,1.7792,0.647,1.7792,0.2022,0.182,0.0809,1.8601,0.93,0.1415,1.6983,0.0404,0.1415,4.1852,0.0404,45.9361,1.3142,0.3639,3.5,"16.4",0.000739976951537575,0,0.000727846181840238,1.21307696973373e-05,16487000,"%"
"Cameroon",1.5263,2.1669,0.1507,0,20.5201,0.0188,0.5464,3.5048,0.9987,0.4145,0.0565,0.0565,2.3931,3.5613,0.6595,8.1213,0.0377,0,1.6017,0.3203,47.8236,4.1455,1.3755,9.5,"9.9",0.00707991961663317,0.000235739681558201,0.00360952233730097,0.003234657597774,25876000,"%"
"Canada",1.5748,12.6986,3.9656,0,13.0279,0.7731,0.5297,1.8182,4.796,2.6199,0.2577,0.0143,1.3171,1.5748,0.1432,1.5175,0.2434,0,6.199,0.587,37.2942,7.9599,1.088,31.3,"<2.5",0.15059738593537,0.00945393312484965,0.0608451607729933,0.0802982920375271,37413000,"%"
"Central African Republic",0.5402,7.3927,0.7393,0,8.9565,0.0569,0.4265,1.905,4.9758,0.8814,0.0284,0.3412,2.3031,2.2747,0,19.6759,0.0853,0,1.706,0,42.5931,4.8052,0.3128,6.3,"59.6",0.00151738672286617,0,0.000210748155953635,0.00130663856691254,4745000,"%"
"Chad",0.1436,6.9411,0.7659,0,27.8124,0.0239,0.4787,0.3112,3.0158,2.0345,0.0239,0.5984,5.5529,2.0345,0,3.1833,0,0,2.0823,0,43.0828,1.8191,0.0957,4.8,"37.5",0.000446483180428135,3.05810397553517e-05,0.000201834862385321,0.000214067278287462,16350000,"%"
"Chile",1.5942,12.3547,1.3783,0,19.5782,0.631,0.3985,1.2786,7.4228,2.4909,0.083,0.0332,0.3819,0.5812,0.0332,2.1421,0.1827,0,7.6387,0.2325,37.6453,2.823,1.096,28.8,"2.7",0.0890144973046527,0.0012246820536976,0.047197362223269,0.0405924530276862,19107000,"%"
"China",1.2768,16.1844,1.1773,0.0209,17.3827,1.2349,1.2872,1.2924,9.8896,1.889,0.5128,0.6698,1.0518,0.1727,0.0837,1.4023,0.4762,0.0052,3.3436,0.7797,33.8235,3.5791,2.4645,6.6,"8.5",0.00600552205603599,0.000331681008275931,0.0056202656595352,5.35753882248593e-05,1398030000,"%"
"Colombia",0.9856,8.8544,0.4363,0,15.3337,0.7433,0.2424,4.6857,4.0717,3.2477,0.0485,0.1293,0.3393,0.824,0.0808,2.7953,0.0969,0.0162,9.5492,0.1777,41.1375,5.5906,0.614,22.1,"4.8",0.013907968396395,0.000623337435978878,0.00307896930956446,0.0102056616508516,50374000,"%"
"Congo",1.6241,4.9805,0.065,0,12.6462,0.0433,1.1693,1.8839,3.1832,0.2815,0.1083,0.2382,1.2343,0.6063,0,17.7783,0.1299,0,3.5513,0,45.0195,4.699,0.7579,8.4,"40.3",0.0154803939788143,0.000761940159821594,0.00185839063371121,0.0128600631852815,5381000,"%"
"Costa Rica",1.211,11.347,1.9741,0,14.499,0.6304,0.7299,2.223,3.0358,4.8938,0.0664,0.0829,0.5309,1.775,0.0829,0.8129,0.2488,0,8.4107,0.1327,38.6695,7.9297,0.7133,25.7,"4.8",0.0143280632411067,0.000118577075098814,0.00701581027667984,0.00719367588932806,5060000,"%"
"Cote d'Ivoire",0.4579,2.1612,0.0549,0,18.8278,0.1282,0.641,2.5458,0.8791,0.2747,0.0183,0.1832,1.2088,0.3846,0.2564,15.5495,0.5311,0,1.63,0.8425,47.8388,4.9451,0.641,9,"19",0.00522458258211178,5.8791251861723e-05,0.00233989182409657,0.00282589950615348,25514000,"%"
"Croatia",2.7404,14.6911,2.4809,0,14.2695,0.5027,0.6,1.508,5.4484,5.3997,0,0.2594,0.7297,0.1135,0.0649,1.1351,1.2162,0,7.4753,0.2757,35.317,3.843,1.9296,27.1,"<2.5",0.0514180024660912,0.00184956843403206,0.0350431565967941,0.0145252774352651,4055000,"%"
"Cuba",0.9825,7.6111,0.6159,0,19.607,0.4693,0.1466,3.2116,4.2968,1.9651,0.0293,0.1027,0.8506,2.5957,0.0147,3.4609,0.0587,0,7.5964,0,42.3962,2.713,1.2758,26.7,"<2.5",0.0137085265786657,0.000570816981805209,0.00636817695326436,0.00676953264359615,11212000,"%"
"Cyprus",1.6826,12.8681,0.7075,0,15.392,0.5927,0.8604,1.9312,5.9847,4.5698,0.631,0.1338,1.0134,0.5354,0.0765,0.9943,1.0325,0,4.4933,0.4015,37.1511,7.4379,1.5105,22.6,"5.6",0.06856,0.0012,0.02368,0.04368,1250000,"%"
"Czechia",4.8993,14.0415,3.8156,0,11.4011,0.5037,0.29,1.2821,5.0366,4.2735,0.1068,0.1068,0.2442,0.29,0.0763,1.7705,0.5037,0,6.1661,0.1984,35.9737,8.1197,0.9005,28.5,"<2.5",0.0725117150890347,0.00224929709465792,0.0316026241799438,0.038659793814433,10670000,"%"
"Denmark",2.4239,17.7505,5.0547,0,13.3757,0.9607,0.9459,1.5814,5.0103,5.439,0,0.3252,0.3104,0.1035,0.1921,1.6553,0.8868,0,7.1386,0.5025,32.2643,2.9116,1.1676,21.3,"<2.5",0.163412957552844,0.00790513833992095,0.118989517099158,0.0365183021137652,5819000,"%"
"Djibouti",0.1306,3.7127,0.2799,0,27.8918,0.0746,0.1493,0.7836,1.4925,1.5858,0.2799,0.1306,0.1119,2.3881,0.2052,0.5597,0.2052,0,6.1754,0.0933,46.2873,6.25,1.2127,12.2,"18.9",0.112628336755647,0.000205338809034908,0.0689938398357289,0.043429158110883,974000,"%"
"Dominica",1.4266,10.9375,0.9341,0,11.3791,0.1529,1.036,5.8254,4.7724,3.9062,0.2548,0.1359,1.4266,0.7133,0.4755,5.9783,0.5944,0,6.9633,0.017,39.0625,2.9721,1.036,28.2,"6.2",0.0222222222222222,0,0.0180555555555556,0.00416666666666667,72000,"%"
"Dominican Republic",1.589,8.6782,0.7508,0,13.3054,0.6286,0.2968,7.421,3.7716,2.9859,0.1921,0.2445,1.1524,1.5017,0.0524,1.3794,0.1746,0,5.413,0.0349,41.3305,8.521,0.5762,26.9,"9.5",0.0700769230769231,0.00300961538461538,0.0133365384615385,0.0537307692307692,10400000,"%"
"Ecuador",0.9275,9.7391,1.4879,0,23.4396,0.5411,0.2512,2.5894,3.9227,3.4203,0.0966,0.1353,0.3671,0.3285,0.0386,1.0242,0.0773,0,3.6908,0.0386,40.2319,7.1884,0.4638,19.3,"7.9",0.152513319434793,0.00615589529766041,0.0110782951123465,0.135279129024786,17268000,"%"
"Egypt",0.0301,4.1999,0.5269,0,32.2144,0.1957,0.6322,2.5591,1.6408,0.9935,0.0151,0.2107,0.7828,0.6624,0.1204,1.2645,0.0452,0.3462,4.0644,0.0602,45.7926,2.0623,1.5806,31.1,"4.5",0.00595069853831866,0.000409836065573771,0.00147379471856578,0.00406706775417912,99064000,"%"
"El Salvador",0.9019,7.9857,1.3717,0,22.6043,0.5825,0.2818,1.9917,2.2924,3.4198,0.2443,0.0564,1.4092,2.95,0.0188,1.2026,0.1691,0,7.1965,0.0376,41.9955,2.1984,1.0898,22.7,"9",0.00656956925937403,0.000154942671211652,0.00192128912302448,0.0044933374651379,6454000,"%"
"Estonia",4.839,15.3336,1.9572,0,16.2121,0.7397,0.339,1.5411,4.3612,7.8132,0.0462,0.1387,0.1387,0.4315,0.1541,2.25,1.125,0,3.7756,0.4469,34.6741,2.4503,1.2329,23.8,"2.9",0.127560240963855,0.00391566265060241,0.0190512048192771,0.104593373493976,1328000,"%"
"Eswatini",1.5593,5.5925,0.5198,0,27.5468,0.1247,0.1663,1.4969,2.7651,1.8295,0.1663,0.1663,0.7277,0.7277,0.3326,2.8274,0.0416,0,6.7152,0.1247,44.4075,1.7464,0.4158,13.5,"20.6",0.00967153284671533,9.12408759124088e-05,0.0010948905109489,0.00848540145985401,1096000,"%"
"Ethiopia",0.4774,2.0182,0.1519,0,31.5321,0.0434,0.0217,0.2821,0.651,1.1068,0,0.0651,0.4123,4.4705,0.5859,6.1198,0.0651,0,1.8663,0.0868,47.9601,1.8012,0.2821,3.6,"20.6",0.000118666297879175,2.67668341080845e-06,5.88870350377858e-05,5.71025794305802e-05,112079000,"%"
"Fiji",0.7322,8.4795,2.2476,0,18.1338,0.2724,1.1238,0.63,3.5587,1.1749,0.0681,0.1192,3.5076,1.8219,0.1192,4.3419,0.2384,0,5.9254,0.0511,41.512,5.1081,0.8343,30,"3.7",0.00201793721973094,0,0.00134529147982063,0.000672645739910314,892000,"%"
"Finland",2.4873,19.2239,2.4273,0,14.504,0.5094,0.944,1.6032,7.9562,7.267,0.4495,0.1199,0.2997,0.1648,0.045,1.6931,0.5993,0,4.525,0.2397,30.7761,3.2814,0.884,24.9,"<2.5",0.0914870494475638,0.00394856004347039,0.0543379822495925,0.033200507154501,5521000,"%"
"France",1.9955,16.9899,3.6818,0,13.8983,0.6183,0.8994,1.6582,6.1551,5.3963,0.0562,0.2389,0.3513,0.2389,0.0422,1.321,0.4356,0,5.5509,0.4216,33.0101,6.0568,0.9837,23.2,"<2.5",0.258051331091711,0.0379862417867168,0.0788536878798161,0.141211401425178,64834000,"%"
"French Polynesia",1.4879,15.0676,1.8129,0,15.8885,0.496,1.6419,1.0433,8.1409,2.7364,1.1459,0.2223,2.4457,0.325,0.0171,1.9155,0.667,0.1368,3.5574,0.1539,34.941,5.3019,0.8551,NA,"4.2",NA,NA,NA,NA,279000,"%"
"Gabon",2.0617,7.1874,0.1513,0,18.0064,0.0567,1.0781,5.2771,4.4638,0.9835,0.3215,0.4539,2.3454,0.0378,0,8.398,0.1702,0.0189,2.7237,0.0189,42.8031,2.8939,0.5485,13.4,"10.5",0.0126838235294118,0.000137867647058824,0.00307904411764706,0.00946691176470588,2176000,"%"
"Gambia",0.3543,3.7394,0.0787,0,26.8845,0.0984,1.1021,0.1771,0.6298,1.791,0.1771,0.0394,4.8219,0.1574,0,0.3543,0.0787,0,5.5895,0.0787,46.2704,7.282,0.2952,8.7,"10.2",0.000511073253833049,4.25894378194208e-05,0.000340715502555366,0.000127768313458262,2348000,"%"
"Georgia",1.2367,8.8138,1.6025,0,25.6053,0.4006,0.2613,0.8361,2.3689,4.0759,0.2264,0.0871,0.1916,0,0.0523,1.4806,0.8361,0,6.6539,0.2961,41.1949,3.205,0.5748,23.3,"7.9",0.014160620465349,0.000175131348511384,0.00517888416312234,0.00880660495371529,3997000,"%"
"Germany",3.2902,15.3684,4.162,0,12.4016,0.6187,0.5343,1.5607,5.0759,4.9072,0,0.0703,0.4781,0.0984,0.0984,1.7717,0.4218,0,6.482,0.7593,34.6316,6.1867,1.0827,25.7,"<2.5",0.197445246690734,0.00810589651022864,0.152707581227437,0.0366317689530686,83100000,"%"
"Ghana",0.3956,2.1263,0.0989,0,13.8784,0.0659,0.923,5.6865,0.7417,0.2308,0.0494,0.0824,1.6812,1.0219,0.5769,19.6143,0,0.0659,1.9779,0.0989,47.8655,2.4065,0.4121,9.7,"5.5",0.00684917935338991,5.61408143720485e-05,0.000700108979227899,0.00609292955978997,30281000,"%"
"Greece",1.0285,11.4771,0.7006,0,14.4731,0.4919,0.5068,2.2954,4.1586,5.4255,0.164,0.1938,0.8794,0.6707,0.0596,1.5203,0.4919,0,4.2629,1.0434,38.5303,10.1654,1.4607,27.4,"<2.5",0.0244089337445099,0.00130828894495842,0.0128399215026633,0.0102607232968881,10701000,"%"
"Grenada",1.9979,12.2581,0.7284,0,13.7565,0.7284,1.1446,3.5588,5.7648,3.8085,0.3538,0.0832,1.1863,1.3111,0.6452,1.1446,0.3122,0,7.9084,0.0416,37.7523,4.9116,0.6035,20.2,NA,0.0178571428571429,0,0.0116071428571429,0.00625,112000,"%"
"Guatemala",0.5887,5.5534,0.3925,0,23.8619,0.9419,0.0981,1.3736,2.551,1.4914,0.0589,0.0785,1.0793,2.7473,0.0589,0.3532,0.1766,0,9.3995,0.2159,44.4662,3.748,0.7653,18.8,"15.2",0.00366304533302998,9.10073374665832e-05,0.000409533018599625,0.00316250497696377,17581000,"%"
"Guinea",0.0894,2.415,0.161,0,24.8479,0.1073,0.3399,2.5939,1.0376,0.6619,0.0716,0.1073,1.8784,0.7335,0,6.7979,0.0894,0,2.2182,0,47.585,6.6547,1.61,6.6,"16.5",0.0125798002946472,5.72925192339172e-05,0.0027991487968571,0.00972335897855623,12218000,"%"
"Guinea-Bissau",0.6881,3.8624,0.1554,0,28.6127,0.0666,0.0444,1.9534,2.5971,0.8657,0.1332,0.111,0.5771,0.3996,0,4.1065,0.0666,0,0.6881,1.1543,46.1487,7.5028,0.2664,8.2,"28",0.0136774880255455,5.32197977647685e-05,0.0010111761575306,0.0126130920702501,1879000,"%"
"Guyana",0.5719,9.0121,0.208,0,21.2998,0.1213,0.8666,2.253,3.6915,4.1075,0.1906,0.0347,2.5303,1.1612,0.5546,1.3345,0.2773,0,5.5459,0.2253,40.9879,1.8371,3.1889,19.2,"8.1",0.0104725415070243,0.00114942528735632,0.00280970625798212,0.00651340996168582,783000,"%"
"Haiti",2.0559,3.7884,0.3234,0,21.5754,0.0462,0.2079,2.9568,2.079,1.0626,0.0924,0.0924,0.8085,3.8346,0,5.7057,0.2079,0,4.0425,0,46.2,4.5507,0.3696,20.5,"49.3",0.000754683476871171,7.10290331172867e-05,8.87862913966084e-05,0.000594868152357276,11263000,"%"
"Honduras",0.7052,6.7385,0.6464,0,23.3301,0.2938,0.0979,1.5475,2.8991,2.7032,0.1567,0.0784,0.1763,2.3898,0.0196,0.2938,0.2351,0,8.5406,0.0392,43.2517,5.4848,0.3722,19.4,"12.9",0.00824953827211164,0.000769546480607429,0.00114918941104043,0.00633080238046378,9746000,"%"
"Hungary",3.0432,16.0682,5.28,0,13.4206,0.8065,0.1978,1.0347,5.9038,3.8649,0.0152,0,0.1978,0.4108,0.1522,1.339,0.426,0,5.3408,0.0304,33.9318,7.4863,1.0499,28.6,"<2.5",0.0293039918116684,0.00330603889457523,0.00623336745138178,0.0197645854657114,9770000,"%"
"Iceland",2.0403,22.2911,2.9915,0,10.7803,0.5928,2.2746,2.2195,7.5958,8.5746,0.4687,0.2619,0.4825,0.0965,0.1654,1.0753,0.9374,0,5.3212,0.2481,27.7089,3.019,0.8547,23.1,"<2.5",0.498060941828255,0.00277008310249307,0.46786703601108,0.0274238227146814,361000,"%"
"India",0.2582,5.5622,1.4899,0,27.652,0.2384,0.2582,1.4303,0.298,3.2578,0,0.0199,0.9734,3.1387,0.5959,1.1124,0.0199,0,3.5757,0.1986,44.4378,4.3504,1.1323,3.8,"14.5",0.00267672975856482,8.78664544843863e-05,0.000718953074427844,0.00186991022965259,1391885000,"%"
"Indonesia",0.0346,3.372,0.121,0,31.9557,0.3977,1.4698,1.4179,0.9165,0.3631,0,0.1038,1.833,0.1729,0.2594,2.4728,0.1383,0,3.4584,0.0865,46.6367,4.0809,0.709,6.9,"8.3",0.00393079476490114,0.000298041494827117,0.00059273002283743,0.0030400232472366,268419000,"%"
"Iran (Islamic Republic of)",0,5.8494,1.3782,0,26.2179,0.4647,0.3686,2.8526,2.3077,1.2179,0,0.0962,0.1122,1.0897,0.1282,1.6346,0.0481,0,4.5513,1.2821,44.1506,4.4712,1.7788,25.5,"4.9",0.113985055594618,0.0072588814339002,0.090951126789098,0.0157750473716199,83911000,"%"
"Iraq",0.0997,4.1476,0.9372,0,29.7308,0.7378,0.1196,1.5753,1.4756,0.8774,0.1196,0.0199,0.2991,0.6979,0.0399,0.339,0.2592,0,4.7059,0.1994,45.8225,7.2383,0.5583,27.4,"29",0.00547697786822691,0.000239124904604426,0.0035970490969219,0.00164080386670059,39310000,"%"
"Ireland",3.2284,14.0167,2.9997,0,14.4471,0.4977,0.7398,1.8832,5.0982,4.5601,0.0807,0.1211,0.3901,0.3228,0.0807,1.7487,0.7129,0,6.0533,0.3497,35.9833,5.4479,1.2376,26.9,"<2.5",0.421806033610043,0.0256124721603563,0.271026523587771,0.125167037861915,4939000,"%"
"Israel",0.6267,11.5653,0.5127,0,15.297,0.5555,0.6409,2.6919,5.7257,4.0023,0.0997,0.1424,1.581,0.8688,0.0712,1.0255,0.4985,0,3.6177,0.6552,38.4133,9.8846,1.524,26.7,"<2.5",0.189001056462026,0.00264115506514849,0.107477403451109,0.0788824979457683,8519000,"%"
"Italy",1.4624,12.5657,2.1014,0,16.2999,0.6389,0.7951,1.9878,5.0121,3.9188,0.1136,0.0994,0.213,0.6957,0.0142,0.9655,0.1562,0,4.4299,0.7099,37.4414,9.1722,1.2069,22.9,"<2.5",0.343736846466153,0.0467909520258514,0.129669400944569,0.167276493495733,60345000,"%"
"Jamaica",1.3423,9.4685,1.5781,0,16.1255,0.127,0.8707,2.5757,3.8999,2.8297,0.2902,0.1451,1.0521,0.5079,0.8163,2.739,0.1633,0,9.269,0.0363,40.5405,4.5892,1.0339,24.4,"8",0.0153681963713981,0.000284596229099964,0.00110281038776236,0.0139807897545358,2811000,"%"
"Japan",2.4472,10.1594,0.5562,0.0185,19.6329,1.4461,2.3174,0.8713,3.6522,2.0393,0.0742,0.1298,2.0022,0.2595,0.2039,1.1123,0.4079,0.0927,4.4679,0.241,39.8406,6.7482,1.2792,4.4,"<2.5",0.0113369789190046,0.000360595974005389,0.00235774290695831,0.00861864003804089,126180000,"%"
"Jordan",0.0553,6.0796,0.5527,0,22.0892,0.2395,0.2211,1.308,2.8924,2.1002,0.1105,0.0737,0.9211,1.1238,0.0921,0.8106,0.3316,0,6.9823,0.35,43.9204,8.6035,1.1422,33.4,"12.2",0.00439697289012357,7.66356930740492e-05,0.00348692403486924,0.000833413162180285,10439000,"%"
"Kazakhstan",1.5175,14.1114,1.1264,0,14.6746,0.5163,0.1408,1.627,5.1001,6.9775,0.1408,0.2503,0.2972,0.0782,0.0313,2.9568,0.485,0,4.1302,0.3442,35.8886,7.7441,1.8617,21.3,"<2.5",0.0194337889675293,0.000135069425684802,0.0049813604192555,0.014317359122589,18509000,"%"
"Kenya",0.6828,5.9101,0.3532,0,26.3951,0.0942,0.1648,1.3892,1.8837,3.2494,0,0.1413,0.4003,3.5555,0.0235,3.8615,0.0706,0,3.6732,0.1413,44.1017,3.2964,0.6122,6,"29.4",0.000781755240232815,3.99436984060562e-05,0.00028531213147183,0.000456499410354928,52574000,"%"
"Kiribati",0.1145,5.9555,0.2291,0,16.9993,0.1309,2.6014,1.8815,2.6832,0.2781,0.1145,0.0164,10.2912,0,0.0164,3.6649,0.0164,0,7.9188,0.2945,44.0609,2.1924,0.5399,45.6,"2.7",NA,NA,NA,NA,123000,"%"
"Korea, North",1.4282,3.1273,0,0,29.9926,0.4432,0.4186,1.6991,2.0438,0.1477,0.0246,0.0492,0.5171,2.4871,0,3.2012,0,0,0.8619,0.0492,46.9096,4.5802,2.0192,7.1,"47.8",NA,NA,NA,NA,25666000,"%"
"Korea, South",2.0481,9.3351,1.2318,0.4007,20.5847,0.6085,1.6325,1.1279,4.6453,0.653,0,0.1633,1.0834,0.1633,0.0594,0.564,0.1187,0,5.2983,0.4749,40.6649,6.6934,2.4488,4.9,"<2.5",0.0207923465648266,0.000482197276549782,0.0175963430158546,0.00271380627242217,51846000,"%"
"Kuwait",0,9.1727,0.5806,0,20.4209,1.016,0.3048,2.5109,4.1655,2.9753,0.3193,0.1306,0.4644,0.8273,0.3774,1.2337,0.6096,0,6.1393,0.4209,40.8418,5.762,1.7271,37,"2.8",0.104040884240551,0.000713097218920846,0.0380793914903732,0.0652483955312574,4207000,"%"
"Kyrgyzstan",0.7328,10.992,0.7507,0,22.8776,0.286,0.0536,0.8937,3.0742,6.5773,0.0894,0.2324,0.0179,0.9294,0.0536,3.092,0.6077,0,4.3968,0.3932,39.0349,2.4307,2.4844,15.4,"7.1",0.0117082236332662,0.00012389654638377,0.00780548242217748,0.00377884466470497,6457000,"%"
"Lao People's Democratic Republic",1.1323,4.7916,0.6072,0,29.488,0.1149,0.7877,4.1516,2.9865,0.1477,0.1313,0.1313,1.1815,0.4102,0.3446,2.4614,0.4102,0.4431,1.5425,0.0164,45.2248,1.4605,2.0348,4.5,"16.5",0.000266292922214436,0,0.000112123335669236,0.0001541695865452,7135000,"%"
"Latvia",3.0614,15.4174,3.8504,0,14.7546,0.7417,0.8364,1.1835,4.8919,4.9235,0.1262,0.1578,0.284,0.0158,0.0316,3.5821,0.9626,0,4.0713,0.3787,34.5905,4.7972,1.3413,25.7,"<2.5",0.0454783063251437,0.000836382645060115,0.0181913225300575,0.0264506011500261,1913000,"%"
"Lebanon",0.3473,5.4012,0.6078,0,21.3268,0.1389,0.2779,2.0841,2.1362,2.1709,0.1563,0.0521,0.9899,1.042,0.0868,1.4415,0.3821,0,6.6342,1.0247,44.6162,7.5547,1.5283,31.3,"11",0.0106330221703617,0.000350058343057176,0.00280046674445741,0.00748249708284714,6856000,"%"
"Lesotho",0.767,3.7037,0.0877,0,34.6044,0.0657,0.0877,0.4602,2.3011,0.9424,0.0877,0.2192,0.1753,1.819,0.1753,2.3011,0.0438,0,2.7175,0,46.3073,2.7613,0.3726,13.5,"13.1",NA,NA,NA,NA,2125000,"%"
"Liberia",0.7505,2.7908,0.0938,0,25.2814,0.0938,0.258,1.6886,2.0872,0.1407,0.0938,0.1173,0.5394,0.1642,0,8.0675,0.0469,0.1642,1.4775,0.1173,47.1857,8.3724,0.469,8.6,"37.2",0.0030787927891432,0.000364593882924853,0.000911484707312133,0.00180271419890622,4937000,"%"
"Lithuania",3.3192,15.4409,2.6612,0,15.7187,0.8481,0.9651,1.1698,5.7757,5.0592,0.0439,0.1316,0.3071,1.2867,0.1608,1.3306,0.234,0,6.1705,0.3217,34.5518,3.5093,0.9943,28.4,"<2.5",0.0501973448152135,0.00161463939720129,0.0213132400430571,0.0272694653749551,2787000,"%"
"Luxembourg",5.1574,17.4063,2.3988,0,11.979,0.9595,0.8246,2.069,7.961,5.1574,0.2849,0.1049,0.2999,0.1049,0.1649,1.2294,2.009,0,4.048,0.075,32.5937,3.8681,1.3043,24.2,"<2.5",0.613225806451613,0.0148387096774194,0.518225806451613,0.0801612903225807,620000,"%"
"Madagascar",0.289,3.5208,0.1839,0,31.2401,0.0525,0.2627,1.4714,1.8129,1.051,0.0263,0.1314,0.2102,0.762,0.0788,7.9874,0.0788,0.1051,2.207,0.0263,46.4792,1.7341,0.289,4.5,"44.4",0.000489450850977048,0,0.000348548333271534,0.000140902517705514,26969000,"%"
"Malawi",0.3588,4.0038,0.4344,0,23.3428,0.0755,0.3399,3.0784,2.9084,0.1322,0.0189,0.1322,1.3598,2.8706,0.0378,11.4259,0.0189,0,1.5297,0.0378,45.9868,1.322,0.5855,4.7,"17.5",0.000198615062536905,1.61039239894788e-05,4.83117719684363e-05,0.00013419936657899,18629000,"%"
"Malaysia",0.2063,8.7831,0.4297,0,21.5194,1.2204,1.7532,0.9969,4.0908,1.2375,0.2922,0.0344,0.636,0.4469,0.7219,0.6875,0.0172,0,7.0299,0.1375,41.2169,7.5284,1.0141,15.3,"2.5",0.0185357066528257,0.000314475009922755,0.0128537843861631,0.00536744725673984,32753000,"%"
"Maldives",0.3552,12.1226,0.9325,0,22.5577,0.9991,4.4183,2.1314,1.8872,3.8854,0.8215,0,0.3552,0.1776,0.6883,0.8215,0.6439,0.0444,5.373,1.421,37.8996,0.9325,1.532,7.9,"10.3",0.0917757009345794,0.000186915887850467,0.00317757009345794,0.088411214953271,535000,"%"
"Mali",0.6497,5.7446,0.2223,0,32.9116,0.0342,0.2394,0.8719,1.7439,3.2997,0.0513,0.171,0.8548,1.59,0.1197,1.4532,0.0171,0,1.7781,0.359,44.2811,2.5645,1.0429,7.1,"6.3",0.00258418964289348,0.00013226167463628,0.000997049547258114,0.00145487842099908,19658000,"%"
"Malta",1.9506,14.2031,2.0373,0,15.8937,0.6791,0.9392,1.5749,5.2883,5.2016,0.0867,0.0578,0.578,0.5202,0.0722,1.127,1.127,0,7.5278,0.4479,35.7896,2.8464,2.0517,31,"<2.5",0.0934,8e-04,0.0766,0.016,5e+05,"%"
"Mauritania",0,7.3716,0.4046,0,26.6186,0.1583,0.3343,0.6334,2.1992,4.0816,0.1407,0.2111,0.1759,1.6538,0,0.3343,0.1056,0,6.3512,0,42.6284,6.0873,0.5102,11.3,"10.4",0.000176756517896597,2.20945647370747e-05,0.000132567388422448,2.20945647370747e-05,4526000,"%"
"Mauritius",0.8473,7.3381,0.4157,0,23.1974,0.3517,0.8153,0.9273,3.2294,2.462,0.3038,0.0639,0.5755,1.4069,0.2878,0.6235,0.3997,0,4.6203,0.0959,42.6539,8.4732,0.9113,11.5,"6.5",0.0262243285939968,0.000789889415481833,0.0246445497630332,0.000789889415481833,1266000,"%"
"Mexico",1.196,10.2729,0.9046,0,21.5118,1.0733,0.4293,1.6713,5.0445,2.5912,0,0.2453,0.4446,1.5486,0.23,0.506,0.0767,0,6.9917,0.23,39.7117,4.4772,0.8433,28.4,"3.6",0.0163844932333678,0.00155794496630509,0.00977823775251428,0.00504831051454846,126577000,"%"
"Mongolia",1.5398,20.3754,2.0038,0,18.7724,0.3375,0.0211,0.3375,10.5674,6.6231,0.1898,0.8015,0.0633,0.0844,0,1.2234,0.7804,0,2.9319,0.0422,29.6351,2.9319,0.7382,19.6,"13.4",0.00116243499541144,0,0.000305903946160905,0.000856531049250535,3269000,"%"
"Montenegro",1.4078,17.6268,1.3935,0,16.1184,0.6608,0.3591,2.3416,6.9674,8.1023,0.3448,0.1437,0.2729,0.6177,0.0431,0.7039,1.2355,0,4.7694,0.3591,32.3804,3.0599,1.0918,24.9,"<2.5",0.0517684887459807,0.00112540192926045,0.037459807073955,0.0131832797427653,622000,"%"
"Morocco",0.0888,4.8669,0.6361,0,29.4675,0.3402,0.6213,2.0562,2.0858,1.0651,0.0148,0.1183,0.1479,0.6509,0.2219,1.4053,0.0888,0,5.4142,0.429,45.1331,4.068,1.0799,25.6,"3.4",0.0128389580464776,0.000480512546716498,0.00304324612920448,0.00931519937055666,35587000,"%"
"Mozambique",0.3688,2.9074,0.1736,0,21.957,0.1519,0.4556,0.8679,1.3886,0.6943,0.0434,0.0651,0.2821,2.6036,0,14.1679,0.0434,0,2.148,0.1736,47.1035,3.9705,0.4339,6,"27.9",0.000260159388790094,0,3.95178818415333e-05,0.000220641506948561,30366000,"%"
"Myanmar",0.1296,10.8663,0.8145,0,23.4358,0.3887,2.0548,1.3514,6.368,1.1107,0.0926,0.1481,1.7771,2.6287,0.3702,0.722,0.074,0,3.5542,0.4258,39.1151,3.3321,1.2403,5.7,"10.6",NA,NA,NA,NA,54045000,"%"
"Namibia",2.4054,6.5173,0.7607,0,18.7294,0.1028,0.4523,1.1308,2.8577,2.1998,0.2056,0.1645,0.2673,1.6036,0.2673,7.2368,0.2056,0,5.7155,0.0411,43.4622,5.222,0.4523,15,"27.3",0.00064128256513026,0,0.00032064128256513,0.00032064128256513,2495000,"%"
"Nepal",0.1395,3.767,0.6278,0,30.7115,0.1395,0.0872,1.4475,0.872,1.9358,0.0174,0.1046,0.1221,1.9881,0.9069,2.7206,0.0698,0.593,0.9069,0.1744,46.2156,4.918,1.5347,3.8,"8.7",0.000206228809116012,0,5.59264567094271e-05,0.000150302352406585,28609000,"%"
"Netherlands",2.2164,16.5307,2.3549,0,11.4822,0.8465,0.7234,2.6936,5.7411,6.7877,0,0.0616,0.1847,0.2309,0.1693,2.2626,0.1231,0,6.5877,0.6772,33.477,5.5872,1.2621,23.1,"<2.5",0.230683588116527,0.0283184309201038,0.00079607730025959,0.201569079896164,17335000,"%"
"New Caledonia",1.9087,13.343,1.4361,0,15.9607,0.6362,0.8544,1.6906,6.5261,3.7448,1.1089,0.1272,1.7633,0.2545,0.0909,1.2543,0.7635,0,4.272,0.1272,36.6661,6.4716,0.9998,NA,"7.1",NA,NA,NA,NA,291000,"%"
"New Zealand",1.6474,15.1117,4.562,0,14.4781,0.6336,0.6653,1.6632,6.8747,2.2968,0,0.095,0.8871,0.5227,0.1109,1.5524,0.1267,0,8.8706,0.5544,34.8804,3.3581,1.1088,32,"<2.5",0.029861250754072,0.000402171727327569,0.025397144580736,0.00406193444600845,4973000,"%"
"Nicaragua",0.6658,6.3344,0.5136,0,25.0904,0.3614,0.2283,1.2174,2.4729,2.6441,0.2663,0.1141,0.5707,2.3778,0,0.856,0.1141,0,7.8181,0,43.6751,4.1469,0.5326,21.8,"17",0.000213871066300031,4.58295142071494e-05,0.000106935533150015,6.11060189428659e-05,6546000,"%"
"Niger",0.0194,3.4122,0.4847,0,31.0585,0.0194,0.0775,0.8337,1.0857,1.6479,0.0194,0.1163,3.2571,6.3009,0.1357,0.6979,0.0194,0,0.6786,0,46.5878,1.8806,1.6673,4.7,"16.5",0.00312298914675475,0.000141564068465531,0.00205053408262194,0.000930890995667282,23311000,"%"
"Nigeria",1.2178,1.6237,0.1421,0,21.5953,0.1624,0.345,1.441,0.6901,0.2233,0.0203,0.0406,1.2381,1.9687,0.4059,12.259,0.0203,0,1.6034,0.1827,48.3864,5.3379,1.096,7.8,"13.4",0.00107979538623833,3.38369061125376e-05,0.000174658147727951,0.000871300332397842,200964000,"%"
"North Macedonia",0.9837,9.4365,2.1841,0,16.6889,0.3501,0.1834,2.1507,2.9843,3.5178,0.1334,0.1834,0.8003,0.7836,0.3334,1.8673,0.7669,0,6.3021,0.4335,40.5802,6.6022,2.7342,23.9,"3.2",0.0718960538979788,0.00389797882579403,0.0388354186717998,0.029162656400385,2078000,"%"
"Norway",1.7142,15.5904,2.5713,0,14.0092,0.665,1.5516,1.862,5.6746,5.0392,1.1822,0.0739,0.8867,0.8275,0.0591,1.4334,0.9901,0,4.1673,0.4286,34.4318,5.9997,0.8423,25,"<2.5",0.145612722170253,0.0039289055191768,0.000598690364826941,0.141085126286249,5345000,"%"
"Oman",0.0853,10.0478,0.5629,0,19.7544,0.5288,0.7847,6.8918,3.3095,4.7083,0.1024,0.1365,0.3241,0.6482,0.5118,0.8188,0.3753,0,4.5036,0.1876,39.9522,4.06,1.7059,22.9,"6.8",0.0521192758253461,0.000234291799787007,0.0105431309904153,0.0413418530351438,4695000,"%"
"Pakistan",0,11.474,2.514,0,23.3348,0.2793,0.0645,0.6446,1.5471,6.9618,0.0215,0.1289,0.6446,1.3537,0.2793,0.7091,0.1289,0.2793,5.2213,0.1289,38.5045,5.2858,0.4942,7.8,"20.3",0.00836423244753307,0.000192551889732875,0.00217717544386212,0.00599450511393808,216565000,"%"
"Panama",1.8134,10.7042,2.3063,0,21.2852,0.3873,0.5986,2.3944,3.9613,3.257,0.3697,0.1937,0.6514,0.8803,0.0352,0.6866,0.3521,0,6.1972,0.1408,39.2958,4.0317,0.4577,22.5,"10",0.15927945010666,0.00455084143161887,0.0147428300545153,0.139985778620526,4219000,"%"
"Paraguay",1.8252,9.3813,1.1863,0,15.8241,0.7848,0.146,1.1316,4.5811,2.3362,0.0913,0.3285,0.8213,1.4054,0.0183,7.1181,0.4745,0,5.0192,0,40.6279,6.2968,0.6023,19,"10.7",0.00465343767467859,0.000139742873113471,0.00160704304080492,0.0029066517607602,7156000,"%"
"Peru",1.5529,5.7963,0.1806,0,21.2893,0.5778,0.8848,3.485,2.0224,1.8599,0.0542,0.2709,0.7584,1.4987,0.0361,6.7895,0.1806,0,4.2615,0.0542,44.2037,3.1239,1.1195,19.1,"9.7",0.127305622856424,0.00353670432019131,0.0350177779176237,0.0887511406186086,31781000,"%"
"Philippines",1.0845,7.7225,1.3837,0,28.5153,0.2992,0.9723,2.6178,4.4503,0.4301,0.0374,0.187,0.5423,0.2244,0.0748,1.6268,0.2244,0,4.0763,0.187,42.2775,2.1503,0.9162,6,"13.3",0.00811343267016288,0.00053553095257915,0.00100261753470777,0.00657528418287596,108117000,"%"
"Poland",2.8507,14.6079,4.1413,0,16.0545,0.3687,0.5106,1.0637,6.3537,3.2194,0,0.0142,0.2127,0.2695,0.0425,2.6521,0.0851,0,6.2544,0.1702,35.3992,4.5242,1.2055,25.6,"<2.5",0.0341276041666667,0.0016953125,0.00909114583333333,0.0233411458333333,38400000,"%"
"Portugal",3.065,15.4111,3.6379,0,13.9072,0.4726,1.3606,2.3203,5.9439,3.8098,0.043,0.1862,0.1862,0.4583,0.043,1.7617,0.7161,0,3.6236,0.401,34.5889,6.6457,1.4179,23.2,"<2.5",0.246869218034862,0.00980621287369754,0.0160385626643295,0.221024442496835,10269000,"%"
"Republic of Moldova",2.0672,12.299,1.7958,0,21.3823,0.6264,0.4803,1.1485,3.6542,5.5753,0.167,0.167,0.0835,0.1462,0.0209,1.754,0.3132,0,4.6356,0.0418,37.6905,4.7818,1.1693,20.1,NA,0.112334180073384,0.00344340953993791,0.0359017781541067,0.0729889923793395,3543000,"%"
"Romania",2.1141,13.1527,2.1708,0,17.849,0.7946,0.1703,1.7877,3.7741,6.101,0.1135,0.1419,0.2128,0.2838,0.3263,2.5965,0.3831,0,4.0153,0.2554,36.8473,5.0936,1.8161,24.5,"<2.5",0.0649088373534425,0.00384277671607871,0.022354217240845,0.0387118433965188,19361000,"%"
"Russian Federation",2.0381,12.7641,2.1273,0,16.7361,0.9075,0.6992,1.1306,4.8349,4.0167,0.0298,0.1785,0.2827,0.357,0.0298,3.0646,0.2083,0,6.8432,0.0446,37.2359,5.3109,1.1604,25.7,"<2.5",0.0779869284609251,0.000796695994711411,0.00900968438843871,0.068180548077775,146731000,"%"
"Rwanda",0.858,2.3707,0.1129,0,9.4378,0.0226,0.3161,8.8056,0.9257,0.8806,0.0226,0.0903,0.7902,7.5638,0.0452,16.5049,0.0226,0,1.4224,0,47.6406,1.6934,0.4741,4.8,"36.8",0.0019719648372535,0,0.000863229587392096,0.00110873524986141,12627000,"%"
"Saint Kitts and Nevis",1.6696,14.2715,1.6498,0,13.3969,0.318,0.9541,2.2262,7.5929,3.5778,0.5367,0.1988,1.2324,1.0733,0.1789,1.2522,0.0994,0,6.778,0.2186,35.7185,6.5196,0.5367,23.1,NA,0.0283018867924528,0,0.0150943396226415,0.0132075471698113,53000,"%"
"Saint Lucia",2.5564,14.6429,1.0526,0,15.3571,0.2444,1.2218,2.0113,8.9286,2.9323,0.4323,0.2632,0.8647,1.109,0.3383,1.2406,0.3571,0,7.4436,0.188,35.3571,2.6692,0.7895,19.8,NA,0.00944444444444444,0,0.00833333333333333,0.00111111111111111,180000,"%"
"Saint Vincent and the Grenadines",1.8243,10.2196,0.2703,0,17.0777,0.2872,0.5574,3.5473,6.5878,2.3986,0.5068,0.1182,0.2534,1.3345,0.5912,2.348,0.5405,0,7.027,0.1351,39.7804,3.6655,0.9291,23.8,"5.7",0.0144144144144144,0,0.00720720720720721,0.00720720720720721,111000,"%"
"Samoa",0.521,13.4454,2,0.0336,9.6134,0.1513,1.7479,3.8992,7.9832,1.4286,0.2857,0.1176,9.0924,0,0.1345,4.7395,0.2857,0,4.1849,0.0336,36.5378,3.4454,0.3193,45.5,"2.7",NA,NA,NA,NA,199000,"%"
"Sao Tome and Principe",0.7034,3.6409,0.1862,0,18.5974,0.0414,1.1585,8.854,1.6343,0.6206,0.1448,0.0207,6.6198,0.7447,0.0621,2.379,0.0207,0,3.2685,0,46.3591,4.6752,0.2689,10.6,"7",0.00776699029126214,0.000485436893203883,0.00194174757281553,0.00533980582524272,206000,"%"
"Saudi Arabia",0,7.59,0.7825,0,23.4585,0.4069,0.3286,3.2707,3.349,2.6448,0.2973,0.0782,0.2347,0.7825,0.4069,0.5321,0.5008,0,4.6479,0.266,42.41,7.2457,0.7668,35,"7.1",0.0704220001168975,0.00049389210357122,0.0103892688058916,0.0595388392074347,34218000,"%"
"Senegal",0.0766,2.7565,0.1914,0,30.5896,0.1149,0.5934,0.4594,1.2634,0.4786,0.0191,0.0957,1.2825,0.7466,0.1149,1.1485,0.0957,0,3.2351,0.1149,47.2435,8.2312,1.1485,7.4,"11.3",0.00628375061364752,5.52282768777614e-05,0.0021845851742759,0.00404393716249386,16296000,"%"
"Serbia",2.5678,13.1419,1.1056,0,20.0428,0.6419,0.2318,2.1041,6.2946,4.6541,0.0178,0.214,0.3923,0.4458,0.0535,1.2482,0.5884,0,5.2247,0.2853,36.8581,2.6748,1.2126,23.5,"5.7",0.129719222462203,0.00257739380849532,0.019337652987761,0.107804175665947,6945000,"%"
"Sierra Leone",0.1021,2.6128,0.0408,0,27.5362,0.1021,0.8777,0.8573,0.6736,0.8777,0.0816,0.0612,1.2656,1.7759,0.1225,7.0831,0.0408,0,1.0206,0.2041,47.377,6.5932,0.694,7.5,"25.6",0.00174068859592986,8.95942659669781e-05,0.000268782797900934,0.00138231153206195,7813000,"%"
"Slovakia",2.835,16.5403,7.8007,0,10.6717,0.9029,0.325,1.2459,4.3698,2.9614,0.0722,0.1806,0.5237,0.2347,0.0903,1.6974,0.5959,0,4.1712,0.2709,33.4597,10.2022,0.8487,22.4,"3.4",0.0257242390905757,0.000421708837550422,0.0102310231023102,0.0150715071507151,5454000,"%"
"Slovenia",2.2372,13.6108,3.5357,0,18.0069,0.6101,0.3442,2.6596,4.5995,4.3492,0.2034,0.1564,0.3755,0.2972,0.1408,1.5019,1.1264,0,3.4731,0.6414,36.3892,4.6308,1.1108,22.5,"<2.5",0.0686781609195402,0.00440613026819923,0.0111590038314176,0.0531130268199234,2088000,"%"
"Solomon Islands",0.2697,4.1693,0.6638,0,16.7393,0.083,1.3483,1.1201,1.6179,0.3941,0.1867,0.0415,4.2315,1.8876,0.083,16.8845,0.2282,0,1.7424,0.0622,45.8411,2.1987,0.2074,20.5,"8.9",NA,NA,NA,NA,699000,"%"
"South Africa",2.2875,7.614,0.2171,0,25.9977,0.4341,0.1837,0.5176,5.1428,1.3692,0,0.2839,0.4508,0.2672,0.0835,1.0519,0.1169,0,5.6938,0.0334,42.3777,5.2763,0.6011,27,"6.2",0.0101525180837996,0.00019789818479596,0.00406373686365497,0.00589088303534871,58616000,"%"
"Spain",2.4163,13.1824,1.0093,0,11.9896,0.8105,1.2999,1.8351,5.9642,3.9456,0,0.1376,0.5353,0.7035,0.0153,1.5905,0.3517,0,4.8173,0.7035,36.8252,10.3839,1.4834,27.1,"<2.5",0.4534127843987,0.0521381683767765,0.238034542094194,0.163240073927729,47073000,"%"
"Sri Lanka",0.2105,3.7696,0.0574,0,26.9805,0.3253,1.1864,1.5499,0.6123,1.5308,0.0191,0.0574,5.7788,1.7604,0.8611,1.3203,0.0957,0,5.377,0.1722,46.2304,1.129,0.9759,5.4,"9",0.00315097269157001,3.19663896246233e-05,0.000739793588455567,0.00237921271348982,21898000,"%"
"Sudan",0,7.9737,0.4316,0,22.8319,0.1028,0.0411,2.3839,2.4866,4.7267,0.0206,0.185,1.2125,2.0756,0.0822,0.8837,0.0617,0.1233,6.3296,0,42.0263,4.7061,1.3152,7.4,"20.1",0.00124494896409969,8.40866092074837e-05,0.000107444000654007,0.0010534183542382,42813000,"%"
"Suriname",1.4479,6.2001,0.2042,0,20.8094,0.4084,0.594,2.5617,3.8426,1.1138,0.4084,0.0371,1.0581,0.3527,0.0371,1.188,0.3156,0.0557,7.5924,0.0557,43.7906,6.8127,1.1138,26.5,"8.5",0.00166112956810631,0.000166112956810631,0.00132890365448505,0.000166112956810631,602000,"%"
"Sweden",2.2981,16.4907,3.7422,0,13.7733,0.823,0.9161,1.5839,5.2484,5.7609,0.1863,0.0155,0.4658,0.2484,0.1242,1.5373,0.3261,0,5.264,0.4503,33.4938,6.1801,1.0714,22.1,"<2.5",0.20921641065526,0.0257923391016916,0.00977056192883531,0.173653509624733,10286000,"%"
"Switzerland",2.3293,15.5435,2.4172,0,11.7492,0.586,0.4395,1.9338,6.1822,5.7867,0,0.1172,0.2783,0.249,0.0879,1.0841,0.2051,0,7.8963,0.9522,34.4711,6.695,0.9962,21.2,"<2.5",0.346535230984601,0.0204619692020532,0.278814745683621,0.0472585160989267,8572000,"%"
"Taiwan*",1.2767,10.9525,1.0415,0,15.4208,0.9071,0.7559,2.083,6.9881,1.1423,0.084,0.1008,1.915,0.42,0.2016,0.4536,0.2688,0.0504,4.8715,0.7055,39.0391,9.4742,1.8478,NA,"3.5",0.00181833594710295,2.54312719874539e-05,0.00137328868732251,0.000419615987792989,23593000,"%"
"Tajikistan",0.1427,5.1831,0,0,27.4132,0.214,0.0238,1.5216,2.3776,2.3776,0.0951,0.1664,0.4042,0.5944,0.0476,1.379,0.3566,0,3.8992,0.1189,44.8407,5.4922,3.3524,12.6,NA,0.000162672161370784,0,0,0.000162672161370784,9221000,"%"
"Thailand",2.1401,6.4025,0.336,0,23.1871,0.902,1.1496,1.8394,3.0775,0.849,0.0177,0.0707,1.3265,0.4245,1.0612,1.0612,0.0707,0,7.729,0.1061,43.5975,4.0679,0.5837,10.8,"7.8",0.00445957754542441,8.13571579232832e-05,0.00409648356284087,0.000281736824660259,66374000,"%"
"Timor-Leste",0.1169,5.0491,0.3974,0,32.7256,0.0701,0.374,0.6078,3.9972,0.1169,0.187,0.0701,0.9818,1.5428,0.0701,2.4778,0.3039,0,2.5245,0,44.9743,2.9687,0.4441,2.9,"24.9",0.00185614849187935,0,0.00123743232791957,0.000618716163959783,1293000,"%"
"Togo",0.2882,2.0379,0.1029,0,23.2812,0.0618,0.3911,0.2058,1.1116,0.3088,0.1647,0.0412,0.8234,3.0259,0.1029,10.5599,0.0618,0,2.8201,0,47.9621,6.2577,0.3911,7.1,"16.1",0.00152190051967335,0.000111358574610245,0.000816629547141797,0.000593912397921307,8082000,"%"
"Trinidad and Tobago",0.8874,9.9918,1.3969,0,18.4224,0.2629,0.7067,1.249,4.6343,2.9088,0.378,0.0986,1.0682,1.4297,0.378,1.1997,0.1808,0,9.1537,0.1972,40.0164,4.7658,0.6738,19.7,"5.5",0.00851688693098385,0.000587371512481645,0.00609397944199706,0.00183553597650514,1362000,"%"
"Tunisia",0.2452,5.7984,0.6779,0,23.9579,0.3894,0.3462,1.9472,1.6876,2.6107,0.0288,0.0721,0.5193,1.0097,0.2452,0.8654,0.1587,0,5.0483,0.7356,44.2233,7.0676,2.3655,27.3,"4.3",0.00855550792970424,0.00035147878268324,0.0027089584226318,0.0054950707243892,11665000,"%"
"Turkey",0.3107,7.5989,0.9322,0,19.2938,0.4237,0.1271,2.2881,2.1328,3.9266,0.0282,0.0706,0.6921,1.7232,0.2966,1.2853,0.0989,0,4.3644,1.0734,42.4011,8.7571,2.1751,32.2,"<2.5",0.14816177805755,0.00394397569213263,0.0651373370295496,0.0790804653358674,82607000,"%"
"Turkmenistan",0.2263,13.1267,1.7409,0,27.4025,0.4701,0.1045,1.3231,6.4415,4.335,0.087,0.0522,0.1393,0.2263,0,1.0097,0.4178,0,1.3057,0.0696,36.8558,3.1337,1.532,17.5,"5.4",NA,NA,NA,NA,5942000,"%"
"Uganda",1.7949,3.8462,0.1865,0,13.8462,0.0699,0.4895,6.6667,1.4918,1.5152,0.0233,0.0932,1.7016,5.5711,0.0233,8.7413,0.0233,0,2.6573,0,46.1538,4.6154,0.4895,4.1,"41",0.000192003614185679,0,0.000117461034560651,7.45425796250282e-05,44270000,"%"
"Ukraine",1.5319,9.8831,1.2848,0,20.0791,0.9059,0.3459,1.153,3.3767,3.8379,0.0165,0.1153,0.0329,0.2965,0.0329,3.9697,0.1812,0,6.7699,0.2141,40.1087,4.0521,1.8119,26.1,"3.5",0.0258367628517734,0.000647049028237029,0.00336132454742251,0.0218283892761139,42037000,"%"
"United Arab Emirates",0,8.8519,0.9505,0,20.9268,0.4307,0.6089,2.614,3.6834,3.0744,0.2376,0.1188,0.9505,3.7576,0.5941,0.3862,0.104,0,5.4953,1.1585,41.1407,3.5051,1.411,29.9,"2.6",0.136010849155018,0.00115793866054663,0.0265282703943251,0.108324640100146,9586000,"%"
"United Kingdom",2.217,14.2211,1.5607,0,13.4189,0.6272,0.5251,1.9837,6.5636,4.8425,0.2917,0.1021,0.5543,0.5105,0.1604,2.5817,0.7585,0,5.3092,0.3209,35.7789,6.6657,1.0064,29.5,"<2.5",0.267360435712896,0.0412715275387907,0.00133466999835411,0.224754238175751,66833000,"%"
"United Republic of Tanzania",1.0643,2.7337,0.313,0,20.409,0.0209,0.2922,2.5042,0.9182,1.1895,0,0,2.2329,4.8831,0.0626,7.5751,0.0209,0,2.4207,0.0835,47.2663,5.3631,0.6469,7.1,"30.7",0.00082751486940781,2.75838289802603e-05,0.000287906214981467,0.000512024825446082,58005000,"%"
"United States of America",2.1373,13.6201,1.3009,0,10.7792,0.7832,0.4779,1.7788,6.1065,4.925,0,0.0133,0.9027,0.4646,0.1062,1.2478,0.292,0,8.0048,0.4779,36.3733,9.2792,0.9292,37.3,"<2.5",0.335242577160166,0.0197303381710025,0.0498294106388215,0.274394582458613,329153000,"%"
"Uruguay",1.3481,12.1808,1.0785,0,17.732,0.6661,0.2855,1.3957,5.2181,4.8374,0.1427,0.0952,0.5868,0.4282,0.0317,1.586,0.4758,0,7.3751,0.0476,37.8113,5.8208,0.8565,28.9,"<2.5",0.0184143222506394,0.000483091787439614,0.0123614663256607,0.00556976413753907,3519000,"%"
"Uzbekistan",0.6785,10.7893,0.6123,0,24.8221,0.4137,0.0662,2.2174,3.5247,6.007,0.0331,0.1655,0.0993,0,0.0165,1.6217,0.0662,0,1.7045,0.2151,39.2189,4.5011,3.2269,15.3,"6.3",0.00623226076304861,2.68889486421081e-05,0.00362104508380389,0.00258432673060261,33471000,"%"
"Vanuatu",0.2668,7.4519,0.667,0,16.1044,0.1906,1.2197,2.287,4.3835,0.8767,0.0762,0.1334,10.4822,0,0.0953,7.9093,0.1144,0,2.4204,0.0191,42.5386,2.1536,0.6099,23.5,"7.2",NA,NA,NA,NA,313000,"%"
"Venezuela (Bolivarian Republic of)",0.8454,7.2303,0.6007,0,21.3126,0.2892,0.4449,2.3804,3.1368,2.6474,0.0222,0.1335,0.0445,0.7341,0,1.3571,0.0667,0,7.7864,0,42.7586,7.5417,0.6674,25.2,"21.2",0.00117477907139851,3.50680319820452e-05,0.000519006873334268,0.000620704166082199,28516000,"%"
"Vietnam",0.715,10.9806,0.9363,0,26.9833,0.2894,1.0385,1.8046,7.8311,0.5618,0.034,0.3064,1.8897,0.4597,0.4256,0.715,0.1021,0.1532,2.094,0.3575,39.0364,1.3279,1.9578,2.1,"9.3",0.000282261436815255,0,0.00022894538763904,5.33160491762148e-05,95656000,"%"
"Yemen",0,3.4667,0.3394,0,32.0727,0.1455,0.1697,1.1879,2.0121,0.6545,0.0485,0.1212,0.1697,1.2121,0.0485,0.3152,0.1212,0,7.0303,0.0242,46.5455,3.9515,0.3636,14.1,"38.9",2.40038406144983e-05,6.85824017557095e-06,3.42912008778547e-06,1.37164803511419e-05,29162000,"%"
"Zambia",1.1925,3.3043,0.323,0,31.5528,0.1988,0.5714,0.2236,1.5155,0.5217,0.0497,0.1491,3.1801,0.2981,0.0745,4.0994,0.0248,0,2.559,0,46.7081,3.0062,0.4472,6.5,"46.7",0.000610268182072672,1.67963719836515e-05,0.000414310508930071,0.00017916130115895,17861000,"%"
"Zimbabwe",1.4269,3.9356,0.6904,0,29.8044,0.1381,0.1611,0.4373,1.7491,1.0817,0.046,0.0921,0.6904,0.6214,0.046,1.2888,0.046,0,5.0403,0.1151,46.0759,6.2601,0.2532,12.3,"51.3",0.000273130761351997,2.73130761351997e-05,3.41413451689997e-05,0.000211676340047798,14645000,"%"
